transaction_id,customer_id,account_id,transaction_date,amount,age,interest_rate,active,amount_abs,gender_F,gender_M,region_Barcelona,region_Bilbao,region_Madrid,region_Seville,region_Valencia,risk_profile_High,risk_profile_Low,risk_profile_Medium,type_Deposit,type_Payment,type_Transfer,type_Withdrawal,account_type_Checking,account_type_Credit Card,account_type_Savings,transactions_count,amount_abs_moving_avg_3t,total_amount_moved,day_of_week,month_of_transaction
TXN0221,CUST001,ACC002,2025-02-06,806.13,57,0.05,1,806.13,0,1,1,0,0,0,0,0,1,0,0,0,1,0,0,0,1,7,806.13,18076.72,3,2
TXN0424,CUST001,ACC003,2025-02-09,2434.5,57,0.18,1,2434.5,0,1,1,0,0,0,0,0,1,0,0,1,0,0,0,1,0,7,1620.315,18076.72,6,2
TXN0177,CUST001,ACC001,2025-02-12,4933.45,57,0.01,1,4933.45,0,1,1,0,0,0,0,0,1,0,0,0,1,0,1,0,0,7,2724.693333333333,18076.72,2,2
TXN0172,CUST001,ACC001,2025-02-22,-3901.46,57,0.01,1,3901.46,0,1,1,0,0,0,0,0,1,0,0,1,0,0,1,0,0,7,3756.47,18076.72,5,2
TXN0391,CUST001,ACC003,2025-04-15,1872.53,57,0.18,1,1872.53,0,1,1,0,0,0,0,0,1,0,0,1,0,0,0,1,0,7,3569.146666666667,18076.72,1,4
TXN0170,CUST001,ACC003,2025-05-17,3477.96,57,0.18,1,3477.96,0,1,1,0,0,0,0,0,1,0,1,0,0,0,0,1,0,7,3083.9833333333336,18076.72,5,5
TXN0492,CUST001,ACC002,2025-06-06,650.69,57,0.05,1,650.69,0,1,1,0,0,0,0,0,1,0,1,0,0,0,0,0,1,7,2000.3933333333334,18076.72,4,6
TXN0088,CUST002,ACC003,2025-03-31,1511.81,61,0.18,1,1511.81,1,0,1,0,0,0,0,1,0,0,0,1,0,0,0,1,0,3,1511.81,7900.889999999999,0,3
TXN0254,CUST002,ACC003,2025-04-05,-2438.48,61,0.18,1,2438.48,1,0,1,0,0,0,0,1,0,0,1,0,0,0,0,1,0,3,1975.145,7900.889999999999,5,4
TXN0227,CUST002,ACC003,2025-05-15,-3950.6,61,0.18,1,3950.6,1,0,1,0,0,0,0,1,0,0,0,0,1,0,0,1,0,3,2633.6299999999997,7900.889999999999,3,5
TXN0392,CUST003,ACC003,2025-01-25,1144.08,31,0.18,1,1144.08,0,1,0,0,0,1,0,0,0,1,0,1,0,0,0,1,0,2,1144.08,2575.6,5,1
TXN0426,CUST003,ACC002,2025-05-19,-1431.52,31,0.05,1,1431.52,0,1,0,0,0,1,0,0,0,1,0,0,0,1,0,0,1,2,1287.8,2575.6,0,5
TXN0223,CUST004,ACC003,2025-01-14,-1103.88,50,0.18,1,1103.88,0,1,1,0,0,0,0,1,0,0,0,1,0,0,0,1,0,3,1103.88,8754.61,1,1
TXN0047,CUST004,ACC001,2025-03-29,-3295.67,50,0.01,1,3295.67,0,1,1,0,0,0,0,1,0,0,0,0,0,1,1,0,0,3,2199.775,8754.61,5,3
TXN0368,CUST004,ACC002,2025-06-20,4355.06,50,0.05,1,4355.06,0,1,1,0,0,0,0,1,0,0,0,0,0,1,0,0,1,3,2918.2033333333334,8754.61,4,6
TXN0144,CUST005,ACC003,2025-02-06,3807.51,29,0.18,1,3807.51,0,1,1,0,0,0,0,1,0,0,0,0,0,1,0,1,0,5,3807.51,14087.6,3,2
TXN0473,CUST005,ACC002,2025-03-24,-4315.36,29,0.05,1,4315.36,0,1,1,0,0,0,0,1,0,0,1,0,0,0,0,0,1,5,4061.435,14087.6,0,3
TXN0500,CUST005,ACC002,2025-04-20,-967.42,29,0.05,1,967.42,0,1,1,0,0,0,0,1,0,0,0,1,0,0,0,0,1,5,3030.0966666666664,14087.6,6,4
TXN0356,CUST005,ACC002,2025-06-11,3450.74,29,0.05,1,3450.74,0,1,1,0,0,0,0,1,0,0,0,0,0,1,0,0,1,5,2911.1733333333336,14087.6,2,6
TXN0336,CUST005,ACC001,2025-06-16,1546.57,29,0.01,1,1546.57,0,1,1,0,0,0,0,1,0,0,0,0,0,1,1,0,0,5,1988.243333333333,14087.6,0,6
TXN0401,CUST006,ACC002,2025-03-31,2401.12,23,0.05,1,2401.12,1,0,0,0,0,1,0,0,0,1,1,0,0,0,0,0,1,5,2401.12,14482.580000000002,0,3
TXN0495,CUST006,ACC001,2025-04-04,-2896.15,23,0.01,1,2896.15,1,0,0,0,0,1,0,0,0,1,0,0,0,1,1,0,0,5,2648.635,14482.580000000002,4,4
TXN0464,CUST006,ACC002,2025-04-09,4114.85,23,0.05,1,4114.85,1,0,0,0,0,1,0,0,0,1,0,0,0,1,0,0,1,5,3137.3733333333334,14482.580000000002,2,4
TXN0146,CUST006,ACC003,2025-05-03,664.91,23,0.18,1,664.91,1,0,0,0,0,1,0,0,0,1,0,0,1,0,0,1,0,5,2558.6366666666668,14482.580000000002,5,5
TXN0057,CUST006,ACC002,2025-05-27,4405.55,23,0.05,1,4405.55,1,0,0,0,0,1,0,0,0,1,0,0,0,1,0,0,1,5,3061.7700000000004,14482.580000000002,1,5
TXN0020,CUST007,ACC002,2025-01-23,4444.85,62,0.05,1,4444.85,0,1,0,0,0,1,0,0,1,0,0,0,0,1,0,0,1,4,4444.85,13157.9,3,1
TXN0105,CUST007,ACC002,2025-04-21,3854.33,62,0.05,1,3854.33,0,1,0,0,0,1,0,0,1,0,0,0,1,0,0,0,1,4,4149.59,13157.9,0,4
TXN0347,CUST007,ACC002,2025-06-13,4192.2,62,0.05,1,4192.2,0,1,0,0,0,1,0,0,1,0,0,0,0,1,0,0,1,4,4163.793333333334,13157.9,4,6
TXN0265,CUST007,ACC003,2025-06-14,-666.52,62,0.18,1,666.52,0,1,0,0,0,1,0,0,1,0,1,0,0,0,0,1,0,4,2904.35,13157.9,5,6
TXN0361,CUST008,ACC001,2025-01-13,3259.65,45,0.01,1,3259.65,0,1,0,0,1,0,0,0,1,0,0,0,0,1,1,0,0,8,3259.65,18058.93,0,1
TXN0141,CUST008,ACC001,2025-01-16,-3885.22,45,0.01,1,3885.22,0,1,0,0,1,0,0,0,1,0,0,0,1,0,1,0,0,8,3572.435,18058.93,3,1
TXN0439,CUST008,ACC001,2025-02-26,2630.57,45,0.01,1,2630.57,0,1,0,0,1,0,0,0,1,0,0,0,1,0,1,0,0,8,3258.48,18058.93,2,2
TXN0443,CUST008,ACC003,2025-03-29,1290.25,45,0.18,1,1290.25,0,1,0,0,1,0,0,0,1,0,1,0,0,0,0,1,0,8,2602.013333333334,18058.93,5,3
TXN0111,CUST008,ACC002,2025-05-22,2262.42,45,0.05,1,2262.42,0,1,0,0,1,0,0,0,1,0,0,0,0,1,0,0,1,8,2061.08,18058.93,3,5
TXN0019,CUST008,ACC001,2025-06-02,-656.28,45,0.01,1,656.28,0,1,0,0,1,0,0,0,1,0,0,1,0,0,1,0,0,8,1402.9833333333333,18058.93,0,6
TXN0033,CUST008,ACC002,2025-06-05,-1108.71,45,0.05,1,1108.71,0,1,0,0,1,0,0,0,1,0,1,0,0,0,0,0,1,8,1342.47,18058.93,3,6
TXN0259,CUST008,ACC002,2025-06-24,-2965.83,45,0.05,1,2965.83,0,1,0,0,1,0,0,0,1,0,0,1,0,0,0,0,1,8,1576.9399999999998,18058.93,1,6
TXN0168,CUST009,ACC002,2025-02-20,3004.1,66,0.05,1,3004.1,0,1,0,1,0,0,0,0,0,1,0,1,0,0,0,0,1,5,3004.1,12347.36,3,2
TXN0310,CUST009,ACC002,2025-02-23,1037.15,66,0.05,1,1037.15,0,1,0,1,0,0,0,0,0,1,1,0,0,0,0,0,1,5,2020.625,12347.36,6,2
TXN0352,CUST009,ACC003,2025-03-09,4345.84,66,0.18,1,4345.84,0,1,0,1,0,0,0,0,0,1,0,0,1,0,0,1,0,5,2795.6966666666667,12347.36,6,3
TXN0092,CUST009,ACC001,2025-06-29,1735.96,66,0.01,1,1735.96,0,1,0,1,0,0,0,0,0,1,0,0,0,1,1,0,0,5,2372.983333333333,12347.36,6,6
TXN0343,CUST009,ACC003,2025-07-01,-2224.31,66,0.18,1,2224.31,0,1,0,1,0,0,0,0,0,1,0,0,1,0,0,1,0,5,2768.7033333333334,12347.36,1,7
TXN0211,CUST010,ACC001,2025-01-29,-4475.14,34,0.01,1,4475.14,1,0,0,1,0,0,0,0,1,0,0,1,0,0,1,0,0,4,4475.14,12316.630000000001,2,1
TXN0274,CUST010,ACC003,2025-05-03,-1243.68,34,0.18,1,1243.68,1,0,0,1,0,0,0,0,1,0,1,0,0,0,0,1,0,4,2859.4100000000003,12316.630000000001,5,5
TXN0217,CUST010,ACC003,2025-05-20,-3660.63,34,0.18,1,3660.63,1,0,0,1,0,0,0,0,1,0,0,0,0,1,0,1,0,4,3126.4833333333336,12316.630000000001,1,5
TXN0470,CUST010,ACC003,2025-06-04,-2937.18,34,0.18,1,2937.18,1,0,0,1,0,0,0,0,1,0,0,1,0,0,0,1,0,4,2613.83,12316.630000000001,2,6
TXN0479,CUST011,ACC001,2025-06-12,-2738.02,72,0.01,1,2738.02,0,1,1,0,0,0,0,0,0,1,0,0,1,0,1,0,0,1,2738.02,2738.02,3,6
TXN0233,CUST012,ACC002,2025-01-10,-4981.71,57,0.05,1,4981.71,0,1,0,1,0,0,0,0,0,1,0,0,0,1,0,0,1,8,4981.71,22803.2,4,1
TXN0251,CUST012,ACC002,2025-01-10,-2897.59,57,0.05,1,2897.59,0,1,0,1,0,0,0,0,0,1,0,0,0,1,0,0,1,8,3939.65,22803.2,4,1
TXN0289,CUST012,ACC003,2025-01-14,-2274.41,57,0.18,1,2274.41,0,1,0,1,0,0,0,0,0,1,0,0,1,0,0,1,0,8,3384.5699999999997,22803.2,1,1
TXN0241,CUST012,ACC003,2025-02-19,2318.49,57,0.18,1,2318.49,0,1,0,1,0,0,0,0,0,1,0,1,0,0,0,1,0,8,2496.83,22803.2,2,2
TXN0431,CUST012,ACC001,2025-04-08,3055.57,57,0.01,1,3055.57,0,1,0,1,0,0,0,0,0,1,0,1,0,0,1,0,0,8,2549.49,22803.2,1,4
TXN0169,CUST012,ACC003,2025-06-02,1465.4,57,0.18,1,1465.4,0,1,0,1,0,0,0,0,0,1,0,0,0,1,0,1,0,8,2279.82,22803.2,0,6
TXN0306,CUST012,ACC003,2025-06-24,-4222.41,57,0.18,1,4222.41,0,1,0,1,0,0,0,0,0,1,0,0,0,1,0,1,0,8,2914.4600000000005,22803.2,1,6
TXN0320,CUST012,ACC001,2025-07-04,1587.62,57,0.01,1,1587.62,0,1,0,1,0,0,0,0,0,1,0,0,0,1,1,0,0,8,2425.1433333333334,22803.2,4,7
TXN0155,CUST013,ACC002,2025-01-15,-2157.23,43,0.05,1,2157.23,0,1,1,0,0,0,0,1,0,0,1,0,0,0,0,0,1,8,2157.23,13991.83,2,1
TXN0349,CUST013,ACC003,2025-02-11,3419.41,43,0.18,1,3419.41,0,1,1,0,0,0,0,1,0,0,0,1,0,0,0,1,0,8,2788.3199999999997,13991.83,1,2
TXN0301,CUST013,ACC003,2025-02-27,846.42,43,0.18,1,846.42,0,1,1,0,0,0,0,1,0,0,0,1,0,0,0,1,0,8,2141.02,13991.83,3,2
TXN0250,CUST013,ACC001,2025-03-20,4336.49,43,0.01,1,4336.49,0,1,1,0,0,0,0,1,0,0,0,0,0,1,1,0,0,8,2867.44,13991.83,3,3
TXN0291,CUST013,ACC003,2025-04-12,376.75,43,0.18,1,376.75,0,1,1,0,0,0,0,1,0,0,0,0,0,1,0,1,0,8,1853.22,13991.83,5,4
TXN0383,CUST013,ACC001,2025-05-19,38.74,43,0.01,1,38.74,0,1,1,0,0,0,0,1,0,0,1,0,0,0,1,0,0,8,1583.993333333333,13991.83,0,5
TXN0103,CUST013,ACC002,2025-06-21,1624.81,43,0.05,1,1624.81,0,1,1,0,0,0,0,1,0,0,1,0,0,0,0,0,1,8,680.1,13991.83,5,6
TXN0461,CUST013,ACC002,2025-07-04,1191.98,43,0.05,1,1191.98,0,1,1,0,0,0,0,1,0,0,0,0,0,1,0,0,1,8,951.8433333333332,13991.83,4,7
TXN0334,CUST014,ACC001,2025-01-19,706.86,41,0.01,1,706.86,0,1,0,0,1,0,0,0,0,1,0,1,0,0,1,0,0,4,706.86,12260.43,6,1
TXN0421,CUST014,ACC002,2025-02-15,4672.84,41,0.05,1,4672.84,0,1,0,0,1,0,0,0,0,1,0,0,0,1,0,0,1,4,2689.85,12260.43,5,2
TXN0015,CUST014,ACC002,2025-05-10,2904.63,41,0.05,1,2904.63,0,1,0,0,1,0,0,0,0,1,0,0,1,0,0,0,1,4,2761.443333333333,12260.43,5,5
TXN0113,CUST014,ACC002,2025-05-10,3976.1,41,0.05,1,3976.1,0,1,0,0,1,0,0,0,0,1,0,0,1,0,0,0,1,4,3851.19,12260.43,5,5
TXN0116,CUST015,ACC001,2025-03-01,421.08,63,0.01,1,421.08,1,0,0,0,0,1,0,1,0,0,0,0,0,1,1,0,0,3,421.08,4557.0,5,3
TXN0137,CUST015,ACC001,2025-05-03,2371.32,63,0.01,1,2371.32,1,0,0,0,0,1,0,1,0,0,0,0,1,0,1,0,0,3,1396.2,4557.0,5,5
TXN0422,CUST015,ACC001,2025-05-10,-1764.6,63,0.01,1,1764.6,1,0,0,0,0,1,0,1,0,0,1,0,0,0,1,0,0,3,1519.0,4557.0,5,5
TXN0327,CUST016,ACC003,2025-01-24,4759.54,37,0.18,1,4759.54,0,1,0,0,0,1,0,0,1,0,0,1,0,0,0,1,0,10,4759.54,23711.31,4,1
TXN0317,CUST016,ACC002,2025-01-27,619.33,37,0.05,1,619.33,0,1,0,0,0,1,0,0,1,0,1,0,0,0,0,0,1,10,2689.435,23711.31,0,1
TXN0112,CUST016,ACC001,2025-03-07,-826.48,37,0.01,1,826.48,0,1,0,0,0,1,0,0,1,0,1,0,0,0,1,0,0,10,2068.4500000000003,23711.31,4,3
TXN0434,CUST016,ACC001,2025-03-11,2073.61,37,0.01,1,2073.61,0,1,0,0,0,1,0,0,1,0,1,0,0,0,1,0,0,10,1173.14,23711.31,1,3
TXN0201,CUST016,ACC001,2025-03-30,-4681.7,37,0.01,1,4681.7,0,1,0,0,0,1,0,0,1,0,1,0,0,0,1,0,0,10,2527.2633333333333,23711.31,6,3
TXN0188,CUST016,ACC003,2025-04-05,175.68,37,0.18,1,175.68,0,1,0,0,0,1,0,0,1,0,1,0,0,0,0,1,0,10,2310.33,23711.31,5,4
TXN0427,CUST016,ACC001,2025-05-03,-1543.38,37,0.01,1,1543.38,0,1,0,0,0,1,0,0,1,0,0,0,0,1,1,0,0,10,2133.5866666666666,23711.31,5,5
TXN0224,CUST016,ACC003,2025-05-19,4879.57,37,0.18,1,4879.57,0,1,0,0,0,1,0,0,1,0,1,0,0,0,0,1,0,10,2199.5433333333335,23711.31,0,5
TXN0154,CUST016,ACC002,2025-06-15,-3430.97,37,0.05,1,3430.97,0,1,0,0,0,1,0,0,1,0,0,1,0,0,0,0,1,10,3284.64,23711.31,6,6
TXN0178,CUST016,ACC001,2025-06-18,721.05,37,0.01,1,721.05,0,1,0,0,0,1,0,0,1,0,1,0,0,0,1,0,0,10,3010.53,23711.31,2,6
TXN0022,CUST017,ACC001,2025-01-25,4312.02,63,0.01,1,4312.02,1,0,0,0,0,1,0,0,1,0,0,1,0,0,1,0,0,8,4312.02,20946.72,5,1
TXN0296,CUST017,ACC002,2025-01-26,2160.13,63,0.05,1,2160.13,1,0,0,0,0,1,0,0,1,0,1,0,0,0,0,0,1,8,3236.0750000000003,20946.72,6,1
TXN0051,CUST017,ACC003,2025-03-11,4186.7,63,0.18,1,4186.7,1,0,0,0,0,1,0,0,1,0,0,1,0,0,0,1,0,8,3552.9500000000003,20946.72,1,3
TXN0090,CUST017,ACC003,2025-03-13,346.08,63,0.18,1,346.08,1,0,0,0,0,1,0,0,1,0,0,1,0,0,0,1,0,8,2230.97,20946.72,3,3
TXN0158,CUST017,ACC003,2025-03-17,330.4,63,0.18,1,330.4,1,0,0,0,0,1,0,0,1,0,1,0,0,0,0,1,0,8,1621.0599999999997,20946.72,0,3
TXN0364,CUST017,ACC001,2025-03-30,4997.07,63,0.01,1,4997.07,1,0,0,0,0,1,0,0,1,0,0,0,1,0,1,0,0,8,1891.1833333333332,20946.72,6,3
TXN0346,CUST017,ACC002,2025-04-10,3466.2,63,0.05,1,3466.2,1,0,0,0,0,1,0,0,1,0,0,0,0,1,0,0,1,8,2931.223333333333,20946.72,3,4
TXN0454,CUST017,ACC002,2025-04-21,-1148.12,63,0.05,1,1148.12,1,0,0,0,0,1,0,0,1,0,0,0,1,0,0,0,1,8,3203.7966666666666,20946.72,0,4
TXN0476,CUST018,ACC002,2025-03-10,127.96,69,0.05,1,127.96,1,0,0,1,0,0,0,0,1,0,0,0,1,0,0,0,1,5,127.96,9644.67,0,3
TXN0418,CUST018,ACC002,2025-04-29,1224.98,69,0.05,1,1224.98,1,0,0,1,0,0,0,0,1,0,0,0,1,0,0,0,1,5,676.47,9644.67,1,4
TXN0074,CUST018,ACC001,2025-05-15,-3173.69,69,0.01,1,3173.69,1,0,0,1,0,0,0,0,1,0,0,0,1,0,1,0,0,5,1508.8766666666668,9644.67,3,5
TXN0341,CUST018,ACC002,2025-05-28,478.56,69,0.05,1,478.56,1,0,0,1,0,0,0,0,1,0,1,0,0,0,0,0,1,5,1625.7433333333336,9644.67,2,5
TXN0003,CUST018,ACC001,2025-07-01,4639.48,69,0.01,1,4639.48,1,0,0,1,0,0,0,0,1,0,0,0,0,1,1,0,0,5,2763.91,9644.67,1,7
TXN0379,CUST019,ACC003,2025-01-09,-2183.56,25,0.18,1,2183.56,1,0,0,0,1,0,0,0,1,0,1,0,0,0,0,1,0,9,2183.56,21462.49,3,1
TXN0046,CUST019,ACC001,2025-01-24,3989.16,25,0.01,1,3989.16,1,0,0,0,1,0,0,0,1,0,1,0,0,0,1,0,0,9,3086.3599999999997,21462.49,4,1
TXN0218,CUST019,ACC002,2025-02-16,417.33,25,0.05,1,417.33,1,0,0,0,1,0,0,0,1,0,1,0,0,0,0,0,1,9,2196.6833333333334,21462.49,6,2
TXN0415,CUST019,ACC001,2025-02-23,47.74,25,0.01,1,47.74,1,0,0,0,1,0,0,0,1,0,1,0,0,0,1,0,0,9,1484.743333333333,21462.49,6,2
TXN0308,CUST019,ACC001,2025-03-05,2930.92,25,0.01,1,2930.92,1,0,0,0,1,0,0,0,1,0,1,0,0,0,1,0,0,9,1131.9966666666667,21462.49,2,3
TXN0372,CUST019,ACC001,2025-03-12,4393.79,25,0.01,1,4393.79,1,0,0,0,1,0,0,0,1,0,0,1,0,0,1,0,0,9,2457.4833333333336,21462.49,2,3
TXN0160,CUST019,ACC003,2025-04-06,1352.28,25,0.18,1,1352.28,1,0,0,0,1,0,0,0,1,0,0,1,0,0,0,1,0,9,2892.33,21462.49,6,4
TXN0303,CUST019,ACC001,2025-05-02,3684.65,25,0.01,1,3684.65,1,0,0,0,1,0,0,0,1,0,0,0,1,0,1,0,0,9,3143.5733333333337,21462.49,4,5
TXN0157,CUST019,ACC003,2025-05-13,2463.06,25,0.18,1,2463.06,1,0,0,0,1,0,0,0,1,0,0,0,0,1,0,1,0,9,2499.9966666666664,21462.49,1,5
TXN0018,CUST020,ACC001,2025-03-07,1335.34,23,0.01,1,1335.34,0,1,0,1,0,0,0,1,0,0,1,0,0,0,1,0,0,4,1335.34,11548.79,4,3
TXN0109,CUST020,ACC001,2025-04-14,4985.65,23,0.01,1,4985.65,0,1,0,1,0,0,0,1,0,0,0,1,0,0,1,0,0,4,3160.495,11548.79,0,4
TXN0386,CUST020,ACC003,2025-06-06,-1986.9,23,0.18,1,1986.9,0,1,0,1,0,0,0,1,0,0,1,0,0,0,0,1,0,4,2769.2966666666666,11548.79,4,6
TXN0416,CUST020,ACC001,2025-06-25,3240.9,23,0.01,1,3240.9,0,1,0,1,0,0,0,1,0,0,0,0,1,0,1,0,0,4,3404.4833333333336,11548.79,2,6
TXN0016,CUST021,ACC001,2025-01-21,-466.52,34,0.01,1,466.52,1,0,0,1,0,0,0,0,1,0,0,0,0,1,1,0,0,5,466.52,11576.960000000001,1,1
TXN0409,CUST021,ACC002,2025-02-15,3826.77,34,0.05,1,3826.77,1,0,0,1,0,0,0,0,1,0,0,0,1,0,0,0,1,5,2146.645,11576.960000000001,5,2
TXN0493,CUST021,ACC002,2025-02-23,529.51,34,0.05,1,529.51,1,0,0,1,0,0,0,0,1,0,1,0,0,0,0,0,1,5,1607.6000000000001,11576.960000000001,6,2
TXN0272,CUST021,ACC002,2025-03-26,4273.38,34,0.05,1,4273.38,1,0,0,1,0,0,0,0,1,0,0,0,1,0,0,0,1,5,2876.5533333333333,11576.960000000001,2,3
TXN0037,CUST021,ACC002,2025-05-10,2480.78,34,0.05,1,2480.78,1,0,0,1,0,0,0,0,1,0,0,0,0,1,0,0,1,5,2427.89,11576.960000000001,5,5
TXN0129,CUST022,ACC001,2025-03-14,2052.58,61,0.01,1,2052.58,0,1,0,0,1,0,0,0,0,1,0,1,0,0,1,0,0,3,2052.58,3981.06,4,3
TXN0028,CUST022,ACC002,2025-05-21,1869.72,61,0.05,1,1869.72,0,1,0,0,1,0,0,0,0,1,0,1,0,0,0,0,1,3,1961.15,3981.06,2,5
TXN0183,CUST022,ACC001,2025-07-03,58.76,61,0.01,1,58.76,0,1,0,0,1,0,0,0,0,1,1,0,0,0,1,0,0,3,1327.02,3981.06,3,7
TXN0292,CUST023,ACC001,2025-02-02,-857.09,26,0.01,1,857.09,1,0,0,0,1,0,0,0,0,1,1,0,0,0,1,0,0,6,857.09,10025.87,6,2
TXN0285,CUST023,ACC003,2025-02-16,1632.7,26,0.18,1,1632.7,1,0,0,0,1,0,0,0,0,1,0,1,0,0,0,1,0,6,1244.895,10025.87,6,2
TXN0085,CUST023,ACC001,2025-02-18,-4686.77,26,0.01,1,4686.77,1,0,0,0,1,0,0,0,0,1,0,0,1,0,1,0,0,6,2392.186666666667,10025.87,1,2
TXN0167,CUST023,ACC002,2025-05-02,2404.89,26,0.05,1,2404.89,1,0,0,0,1,0,0,0,0,1,1,0,0,0,0,0,1,6,2908.1200000000003,10025.87,4,5
TXN0210,CUST023,ACC001,2025-05-20,409.77,26,0.01,1,409.77,1,0,0,0,1,0,0,0,0,1,0,1,0,0,1,0,0,6,2500.476666666667,10025.87,1,5
TXN0326,CUST023,ACC002,2025-07-05,34.65,26,0.05,1,34.65,1,0,0,0,1,0,0,0,0,1,0,0,1,0,0,0,1,6,949.77,10025.87,5,7
TXN0225,CUST024,ACC001,2025-01-23,1691.11,40,0.01,1,1691.11,1,0,0,0,1,0,0,0,0,1,1,0,0,0,1,0,0,8,1691.11,17736.24,3,1
TXN0102,CUST024,ACC001,2025-02-26,120.4,40,0.01,1,120.4,1,0,0,0,1,0,0,0,0,1,0,0,1,0,1,0,0,8,905.755,17736.24,2,2
TXN0232,CUST024,ACC002,2025-03-02,1149.99,40,0.05,1,1149.99,1,0,0,0,1,0,0,0,0,1,0,0,0,1,0,0,1,8,987.1666666666666,17736.24,6,3
TXN0081,CUST024,ACC002,2025-04-03,-1715.94,40,0.05,1,1715.94,1,0,0,0,1,0,0,0,0,1,0,0,1,0,0,0,1,8,995.4433333333333,17736.24,3,4
TXN0060,CUST024,ACC003,2025-04-17,4130.83,40,0.18,1,4130.83,1,0,0,0,1,0,0,0,0,1,0,0,0,1,0,1,0,8,2332.2533333333336,17736.24,3,4
TXN0276,CUST024,ACC002,2025-04-23,2232.07,40,0.05,1,2232.07,1,0,0,0,1,0,0,0,0,1,0,0,0,1,0,0,1,8,2692.9466666666667,17736.24,2,4
TXN0437,CUST024,ACC002,2025-06-02,3408.78,40,0.05,1,3408.78,1,0,0,0,1,0,0,0,0,1,0,1,0,0,0,0,1,8,3257.226666666667,17736.24,0,6
TXN0284,CUST024,ACC001,2025-06-18,3287.12,40,0.01,1,3287.12,1,0,0,0,1,0,0,0,0,1,0,1,0,0,1,0,0,8,2975.9900000000002,17736.24,2,6
TXN0468,CUST025,ACC001,2025-01-10,3123.06,27,0.01,1,3123.06,1,0,0,0,1,0,0,1,0,0,0,0,1,0,1,0,0,7,3123.06,18866.28,4,1
TXN0125,CUST025,ACC001,2025-03-26,3196.24,27,0.01,1,3196.24,1,0,0,0,1,0,0,1,0,0,0,1,0,0,1,0,0,7,3159.6499999999996,18866.28,2,3
TXN0001,CUST025,ACC002,2025-05-28,4845.82,27,0.05,1,4845.82,1,0,0,0,1,0,0,1,0,0,0,0,0,1,0,0,1,7,3721.7066666666665,18866.28,2,5
TXN0075,CUST025,ACC001,2025-06-11,2704.53,27,0.01,1,2704.53,1,0,0,0,1,0,0,1,0,0,0,1,0,0,1,0,0,7,3582.1966666666667,18866.28,2,6
TXN0101,CUST025,ACC003,2025-06-16,132.69,27,0.18,1,132.69,1,0,0,0,1,0,0,1,0,0,0,0,0,1,0,1,0,7,2561.0133333333333,18866.28,0,6
TXN0397,CUST025,ACC003,2025-06-27,2322.84,27,0.18,1,2322.84,1,0,0,0,1,0,0,1,0,0,0,1,0,0,0,1,0,7,1720.0200000000002,18866.28,4,6
TXN0321,CUST025,ACC001,2025-07-05,2541.1,27,0.01,1,2541.1,1,0,0,0,1,0,0,1,0,0,0,1,0,0,1,0,0,7,1665.5433333333333,18866.28,5,7
TXN0187,CUST026,ACC002,2025-03-12,1759.63,28,0.05,1,1759.63,1,0,0,0,0,1,0,0,1,0,0,0,0,1,0,0,1,4,1759.63,8532.21,2,3
TXN0481,CUST026,ACC003,2025-03-29,1960.62,28,0.18,1,1960.62,1,0,0,0,0,1,0,0,1,0,0,0,0,1,0,1,0,4,1860.125,8532.21,5,3
TXN0261,CUST026,ACC002,2025-07-07,1061.2,28,0.05,1,1061.2,1,0,0,0,0,1,0,0,1,0,0,1,0,0,0,0,1,4,1593.8166666666666,8532.21,0,7
TXN0098,CUST026,ACC001,2025-07-08,-3750.76,28,0.01,1,3750.76,1,0,0,0,0,1,0,0,1,0,1,0,0,0,1,0,0,4,2257.5266666666666,8532.21,1,7
TXN0486,CUST027,ACC001,2025-01-10,3478.77,53,0.01,1,3478.77,1,0,0,0,0,0,1,0,1,0,0,1,0,0,1,0,0,6,3478.77,11896.01,4,1
TXN0087,CUST027,ACC003,2025-02-23,348.51,53,0.18,1,348.51,1,0,0,0,0,0,1,0,1,0,1,0,0,0,0,1,0,6,1913.6399999999999,11896.01,6,2
TXN0354,CUST027,ACC001,2025-04-02,-161.63,53,0.01,1,161.63,1,0,0,0,0,0,1,0,1,0,0,0,0,1,1,0,0,6,1329.6366666666665,11896.01,2,4
TXN0452,CUST027,ACC001,2025-04-09,4097.75,53,0.01,1,4097.75,1,0,0,0,0,0,1,0,1,0,1,0,0,0,1,0,0,6,1535.9633333333331,11896.01,2,4
TXN0034,CUST027,ACC001,2025-04-16,-3419.46,53,0.01,1,3419.46,1,0,0,0,0,0,1,0,1,0,0,0,1,0,1,0,0,6,2559.6133333333332,11896.01,2,4
TXN0035,CUST027,ACC002,2025-05-11,389.89,53,0.05,1,389.89,1,0,0,0,0,0,1,0,1,0,1,0,0,0,0,0,1,6,2635.7,11896.01,6,5
TXN0312,CUST028,ACC001,2025-02-09,-1356.05,46,0.01,1,1356.05,1,0,0,0,0,0,1,0,1,0,0,0,1,0,1,0,0,4,1356.05,9152.220000000001,6,2
TXN0438,CUST028,ACC003,2025-02-11,915.38,46,0.18,1,915.38,1,0,0,0,0,0,1,0,1,0,0,1,0,0,0,1,0,4,1135.715,9152.220000000001,1,2
TXN0040,CUST028,ACC001,2025-03-23,4125.16,46,0.01,1,4125.16,1,0,0,0,0,0,1,0,1,0,0,1,0,0,1,0,0,4,2132.1966666666667,9152.220000000001,6,3
TXN0447,CUST028,ACC003,2025-04-13,-2755.63,46,0.18,1,2755.63,1,0,0,0,0,0,1,0,1,0,0,1,0,0,0,1,0,4,2598.7233333333334,9152.220000000001,6,4
TXN0249,CUST029,ACC001,2025-02-08,210.14,22,0.01,1,210.14,1,0,0,0,1,0,0,1,0,0,0,0,1,0,1,0,0,5,210.14,9406.88,5,2
TXN0460,CUST029,ACC003,2025-02-14,1773.57,22,0.18,1,1773.57,1,0,0,0,1,0,0,1,0,0,1,0,0,0,0,1,0,5,991.855,9406.88,4,2
TXN0192,CUST029,ACC003,2025-04-18,2842.03,22,0.18,1,2842.03,1,0,0,0,1,0,0,1,0,0,0,0,0,1,0,1,0,5,1608.58,9406.88,4,4
TXN0357,CUST029,ACC003,2025-04-20,3385.8,22,0.18,1,3385.8,1,0,0,0,1,0,0,1,0,0,0,1,0,0,0,1,0,5,2667.133333333333,9406.88,6,4
TXN0269,CUST029,ACC001,2025-06-21,-1195.34,22,0.01,1,1195.34,1,0,0,0,1,0,0,1,0,0,1,0,0,0,1,0,0,5,2474.39,9406.88,5,6
TXN0054,CUST030,ACC002,2025-01-08,3096.87,38,0.05,1,3096.87,1,0,0,0,0,0,1,0,0,1,0,0,1,0,0,0,1,6,3096.87,15654.92,2,1
TXN0295,CUST030,ACC002,2025-01-20,-4146.13,38,0.05,1,4146.13,1,0,0,0,0,0,1,0,0,1,0,1,0,0,0,0,1,6,3621.5,15654.92,0,1
TXN0038,CUST030,ACC002,2025-02-17,-2408.13,38,0.05,1,2408.13,1,0,0,0,0,0,1,0,0,1,0,0,0,1,0,0,1,6,3217.0433333333335,15654.92,0,2
TXN0156,CUST030,ACC003,2025-03-30,-1010.62,38,0.18,1,1010.62,1,0,0,0,0,0,1,0,0,1,1,0,0,0,0,1,0,6,2521.6266666666666,15654.92,6,3
TXN0029,CUST030,ACC002,2025-04-25,1306.17,38,0.05,1,1306.17,1,0,0,0,0,0,1,0,0,1,0,1,0,0,0,0,1,6,1574.9733333333334,15654.92,4,4
TXN0472,CUST030,ACC003,2025-06-01,3687.0,38,0.18,1,3687.0,1,0,0,0,0,0,1,0,0,1,0,1,0,0,0,1,0,6,2001.2633333333333,15654.92,6,6
TXN0371,CUST031,ACC002,2025-01-21,-3694.86,62,0.05,1,3694.86,0,1,0,0,0,0,1,0,0,1,0,0,1,0,0,0,1,2,3694.86,4210.95,1,1
TXN0423,CUST031,ACC002,2025-01-31,516.09,62,0.05,1,516.09,0,1,0,0,0,0,1,0,0,1,0,1,0,0,0,0,1,2,2105.475,4210.95,4,1
TXN0405,CUST032,ACC002,2025-01-09,-2000.13,61,0.05,1,2000.13,0,1,0,0,1,0,0,0,1,0,0,0,0,1,0,0,1,5,2000.13,15506.19,3,1
TXN0082,CUST032,ACC002,2025-01-14,3166.78,61,0.05,1,3166.78,0,1,0,0,1,0,0,0,1,0,0,1,0,0,0,0,1,5,2583.455,15506.19,1,1
TXN0070,CUST032,ACC003,2025-02-02,3088.47,61,0.18,1,3088.47,0,1,0,0,1,0,0,0,1,0,0,0,0,1,0,1,0,5,2751.7933333333335,15506.19,6,2
TXN0120,CUST032,ACC002,2025-02-09,4754.81,61,0.05,1,4754.81,0,1,0,0,1,0,0,0,1,0,0,0,0,1,0,0,1,5,3670.0200000000004,15506.19,6,2
TXN0229,CUST032,ACC003,2025-02-17,2496.0,61,0.18,1,2496.0,0,1,0,0,1,0,0,0,1,0,0,0,1,0,0,1,0,5,3446.4266666666663,15506.19,0,2
TXN0208,CUST033,ACC002,2025-01-13,1703.86,18,0.05,1,1703.86,1,0,0,0,0,0,1,0,0,1,1,0,0,0,0,0,1,13,1703.86,36112.09,0,1
TXN0474,CUST033,ACC001,2025-01-28,-1091.53,18,0.01,1,1091.53,1,0,0,0,0,0,1,0,0,1,0,0,0,1,1,0,0,13,1397.695,36112.09,1,1
TXN0072,CUST033,ACC003,2025-02-08,-3162.75,18,0.18,1,3162.75,1,0,0,0,0,0,1,0,0,1,0,0,1,0,0,1,0,13,1986.0466666666664,36112.09,5,2
TXN0014,CUST033,ACC001,2025-03-10,2968.77,18,0.01,1,2968.77,1,0,0,0,0,0,1,0,0,1,0,0,1,0,1,0,0,13,2407.6833333333334,36112.09,0,3
TXN0236,CUST033,ACC002,2025-04-01,1005.72,18,0.05,1,1005.72,1,0,0,0,0,0,1,0,0,1,0,1,0,0,0,0,1,13,2379.0800000000004,36112.09,1,4
TXN0456,CUST033,ACC003,2025-04-22,3058.8,18,0.18,1,3058.8,1,0,0,0,0,0,1,0,0,1,0,0,0,1,0,1,0,13,2344.4300000000003,36112.09,1,4
TXN0012,CUST033,ACC001,2025-05-03,1126.85,18,0.01,1,1126.85,1,0,0,0,0,0,1,0,0,1,1,0,0,0,1,0,0,13,1730.456666666667,36112.09,5,5
TXN0489,CUST033,ACC001,2025-05-04,3590.81,18,0.01,1,3590.81,1,0,0,0,0,0,1,0,0,1,0,1,0,0,1,0,0,13,2592.153333333333,36112.09,6,5
TXN0023,CUST033,ACC002,2025-05-16,-4049.49,18,0.05,1,4049.49,1,0,0,0,0,0,1,0,0,1,0,1,0,0,0,0,1,13,2922.383333333333,36112.09,4,5
TXN0237,CUST033,ACC002,2025-06-03,3404.34,18,0.05,1,3404.34,1,0,0,0,0,0,1,0,0,1,0,1,0,0,0,0,1,13,3681.5466666666666,36112.09,1,6
TXN0244,CUST033,ACC002,2025-06-16,-3716.11,18,0.05,1,3716.11,1,0,0,0,0,0,1,0,0,1,0,0,1,0,0,0,1,13,3723.3133333333335,36112.09,0,6
TXN0399,CUST033,ACC002,2025-06-24,4318.03,18,0.05,1,4318.03,1,0,0,0,0,0,1,0,0,1,0,0,0,1,0,0,1,13,3812.8266666666664,36112.09,1,6
TXN0091,CUST033,ACC003,2025-07-08,2915.03,18,0.18,1,2915.03,1,0,0,0,0,0,1,0,0,1,0,0,0,1,0,1,0,13,3649.7233333333334,36112.09,1,7
TXN0214,CUST034,ACC001,2025-02-15,2267.07,46,0.01,1,2267.07,1,0,0,1,0,0,0,0,0,1,0,1,0,0,1,0,0,3,2267.07,6143.0,5,2
TXN0264,CUST034,ACC003,2025-03-29,-3668.23,46,0.18,1,3668.23,1,0,0,1,0,0,0,0,0,1,1,0,0,0,0,1,0,3,2967.65,6143.0,5,3
TXN0173,CUST034,ACC003,2025-06-20,-207.7,46,0.18,1,207.7,1,0,0,1,0,0,0,0,0,1,0,1,0,0,0,1,0,3,2047.6666666666667,6143.0,4,6
TXN0337,CUST035,ACC001,2025-01-12,-3526.36,32,0.01,1,3526.36,1,0,1,0,0,0,0,1,0,0,0,1,0,0,1,0,0,6,3526.36,20579.16,6,1
TXN0007,CUST035,ACC001,2025-01-19,-3793.61,32,0.01,1,3793.61,1,0,1,0,0,0,0,1,0,0,0,0,1,0,1,0,0,6,3659.985,20579.16,6,1
TXN0048,CUST035,ACC002,2025-01-27,-4254.4,32,0.05,1,4254.4,1,0,1,0,0,0,0,1,0,0,0,0,0,1,0,0,1,6,3858.123333333333,20579.16,0,1
TXN0235,CUST035,ACC003,2025-02-01,3255.13,32,0.18,1,3255.13,1,0,1,0,0,0,0,1,0,0,0,0,0,1,0,1,0,6,3767.713333333333,20579.16,5,2
TXN0255,CUST035,ACC001,2025-04-28,4368.38,32,0.01,1,4368.38,1,0,1,0,0,0,0,1,0,0,0,1,0,0,1,0,0,6,3959.3033333333333,20579.16,0,4
TXN0463,CUST035,ACC003,2025-04-30,1381.28,32,0.18,1,1381.28,1,0,1,0,0,0,0,1,0,0,0,1,0,0,0,1,0,6,3001.596666666667,20579.16,2,4
TXN0441,CUST036,ACC003,2025-04-09,543.32,71,0.18,1,543.32,0,1,1,0,0,0,0,1,0,0,0,1,0,0,0,1,0,7,543.32,16078.68,2,4
TXN0273,CUST036,ACC001,2025-04-15,-2466.47,71,0.01,1,2466.47,0,1,1,0,0,0,0,1,0,0,0,1,0,0,1,0,0,7,1504.895,16078.68,1,4
TXN0413,CUST036,ACC003,2025-05-19,100.98,71,0.18,1,100.98,0,1,1,0,0,0,0,1,0,0,1,0,0,0,0,1,0,7,1036.9233333333334,16078.68,0,5
TXN0107,CUST036,ACC003,2025-05-20,2235.05,71,0.18,1,2235.05,0,1,1,0,0,0,0,1,0,0,0,0,1,0,0,1,0,7,1600.8333333333333,16078.68,1,5
TXN0281,CUST036,ACC001,2025-05-31,-1961.5,71,0.01,1,1961.5,0,1,1,0,0,0,0,1,0,0,0,0,1,0,1,0,0,7,1432.5100000000002,16078.68,5,5
TXN0369,CUST036,ACC002,2025-06-09,3914.1,71,0.05,1,3914.1,0,1,1,0,0,0,0,1,0,0,1,0,0,0,0,0,1,7,2703.55,16078.68,0,6
TXN0270,CUST036,ACC002,2025-06-13,-4857.26,71,0.05,1,4857.26,0,1,1,0,0,0,0,1,0,0,1,0,0,0,0,0,1,7,3577.6200000000003,16078.68,4,6
TXN0059,CUST037,ACC002,2025-01-17,155.94,61,0.05,1,155.94,1,0,0,0,1,0,0,1,0,0,0,0,1,0,0,0,1,3,155.94,6091.57,4,1
TXN0288,CUST037,ACC003,2025-01-28,-4849.41,61,0.18,1,4849.41,1,0,0,0,1,0,0,1,0,0,1,0,0,0,0,1,0,3,2502.6749999999997,6091.57,1,1
TXN0358,CUST037,ACC003,2025-06-16,1086.22,61,0.18,1,1086.22,1,0,0,0,1,0,0,1,0,0,0,0,0,1,0,1,0,3,2030.5233333333333,6091.57,0,6
TXN0359,CUST038,ACC001,2025-04-29,-3297.84,66,0.01,1,3297.84,0,1,0,0,0,1,0,1,0,0,1,0,0,0,1,0,0,3,3297.84,9517.93,1,4
TXN0400,CUST038,ACC002,2025-04-29,2600.22,66,0.05,1,2600.22,0,1,0,0,0,1,0,1,0,0,1,0,0,0,0,0,1,3,2949.0299999999997,9517.93,1,4
TXN0030,CUST038,ACC002,2025-06-07,-3619.87,66,0.05,1,3619.87,0,1,0,0,0,1,0,1,0,0,0,0,0,1,0,0,1,3,3172.6433333333334,9517.93,5,6
TXN0390,CUST039,ACC003,2025-02-24,-1195.35,19,0.18,1,1195.35,0,1,0,0,1,0,0,0,1,0,0,0,1,0,0,1,0,7,1195.35,24238.45,0,2
TXN0206,CUST039,ACC003,2025-02-25,3573.29,19,0.18,1,3573.29,0,1,0,0,1,0,0,0,1,0,1,0,0,0,0,1,0,7,2384.3199999999997,24238.45,1,2
TXN0380,CUST039,ACC003,2025-05-03,4090.99,19,0.18,1,4090.99,0,1,0,0,1,0,0,0,1,0,0,0,1,0,0,1,0,7,2953.2099999999996,24238.45,5,5
TXN0095,CUST039,ACC003,2025-06-13,4358.97,19,0.18,1,4358.97,0,1,0,0,1,0,0,0,1,0,0,0,0,1,0,1,0,7,4007.75,24238.45,4,6
TXN0329,CUST039,ACC002,2025-06-23,4340.91,19,0.05,1,4340.91,0,1,0,0,1,0,0,0,1,0,0,0,0,1,0,0,1,7,4263.623333333334,24238.45,0,6
TXN0333,CUST039,ACC003,2025-07-04,3337.65,19,0.18,1,3337.65,0,1,0,0,1,0,0,0,1,0,1,0,0,0,0,1,0,7,4012.51,24238.45,4,7
TXN0375,CUST039,ACC001,2025-07-07,-3341.29,19,0.01,1,3341.29,0,1,0,0,1,0,0,0,1,0,0,0,1,0,1,0,0,7,3673.2833333333333,24238.45,0,7
TXN0350,CUST040,ACC003,2025-02-19,2490.9,34,0.18,1,2490.9,0,1,0,0,0,1,0,1,0,0,0,0,0,1,0,1,0,3,2490.9,5219.48,2,2
TXN0152,CUST040,ACC002,2025-03-02,595.37,34,0.05,1,595.37,0,1,0,0,0,1,0,1,0,0,1,0,0,0,0,0,1,3,1543.135,5219.48,6,3
TXN0245,CUST040,ACC003,2025-04-18,2133.21,34,0.18,1,2133.21,0,1,0,0,0,1,0,1,0,0,1,0,0,0,0,1,0,3,1739.8266666666666,5219.48,4,4
TXN0010,CUST041,ACC003,2025-02-17,-4081.01,66,0.18,1,4081.01,0,1,1,0,0,0,0,0,0,1,1,0,0,0,0,1,0,2,4081.01,7250.4400000000005,0,2
TXN0449,CUST041,ACC001,2025-04-18,3169.43,66,0.01,1,3169.43,0,1,1,0,0,0,0,0,0,1,1,0,0,0,1,0,0,2,3625.2200000000003,7250.4400000000005,4,4
TXN0351,CUST042,ACC002,2025-03-30,3093.06,55,0.05,1,3093.06,0,1,0,0,1,0,0,0,1,0,0,1,0,0,0,0,1,4,3093.06,12369.53,6,3
TXN0135,CUST042,ACC003,2025-05-27,-1848.95,55,0.18,1,1848.95,0,1,0,0,1,0,0,0,1,0,0,1,0,0,0,1,0,4,2471.005,12369.53,1,5
TXN0097,CUST042,ACC002,2025-05-29,4844.7,55,0.05,1,4844.7,0,1,0,0,1,0,0,0,1,0,0,0,0,1,0,0,1,4,3262.236666666666,12369.53,3,5
TXN0331,CUST042,ACC003,2025-06-29,2582.82,55,0.18,1,2582.82,0,1,0,0,1,0,0,0,1,0,0,0,0,1,0,1,0,4,3092.156666666667,12369.53,6,6
TXN0093,CUST043,ACC003,2025-03-11,3108.37,22,0.18,1,3108.37,1,0,0,1,0,0,0,0,0,1,0,0,1,0,0,1,0,3,3108.37,6265.69,1,3
TXN0240,CUST043,ACC002,2025-04-06,1295.84,22,0.05,1,1295.84,1,0,0,1,0,0,0,0,0,1,0,0,1,0,0,0,1,3,2202.105,6265.69,6,4
TXN0247,CUST043,ACC002,2025-04-17,1861.48,22,0.05,1,1861.48,1,0,0,1,0,0,0,0,0,1,0,0,1,0,0,0,1,3,2088.563333333333,6265.69,3,4
TXN0403,CUST044,ACC003,2025-03-14,1712.83,41,0.18,1,1712.83,1,0,0,0,0,0,1,0,0,1,0,0,1,0,0,1,0,3,1712.83,10141.58,4,3
TXN0052,CUST044,ACC003,2025-05-16,3490.38,41,0.18,1,3490.38,1,0,0,0,0,0,1,0,0,1,0,0,0,1,0,1,0,3,2601.605,10141.58,4,5
TXN0248,CUST044,ACC003,2025-06-14,-4938.37,41,0.18,1,4938.37,1,0,0,0,0,0,1,0,0,1,0,0,0,1,0,1,0,3,3380.5266666666666,10141.58,5,6
TXN0367,CUST045,ACC001,2025-01-16,2040.47,70,0.01,1,2040.47,1,0,0,0,0,1,0,0,0,1,0,1,0,0,1,0,0,5,2040.47,10955.11,3,1
TXN0108,CUST045,ACC001,2025-03-22,1375.4,70,0.01,1,1375.4,1,0,0,0,0,1,0,0,0,1,0,1,0,0,1,0,0,5,1707.935,10955.11,5,3
TXN0404,CUST045,ACC002,2025-03-26,1907.18,70,0.05,1,1907.18,1,0,0,0,0,1,0,0,0,1,0,0,1,0,0,0,1,5,1774.3500000000001,10955.11,2,3
TXN0406,CUST045,ACC003,2025-04-30,2905.06,70,0.18,1,2905.06,1,0,0,0,0,1,0,0,0,1,0,0,0,1,0,1,0,5,2062.5466666666666,10955.11,2,4
TXN0382,CUST045,ACC003,2025-07-06,2727.0,70,0.18,1,2727.0,1,0,0,0,0,1,0,0,0,1,0,1,0,0,0,1,0,5,2513.08,10955.11,6,7
TXN0056,CUST046,ACC002,2025-01-10,801.44,55,0.05,1,801.44,1,0,0,0,0,0,1,1,0,0,1,0,0,0,0,0,1,6,801.44,19556.489999999998,4,1
TXN0062,CUST046,ACC003,2025-01-17,-1682.24,55,0.18,1,1682.24,1,0,0,0,0,0,1,1,0,0,0,0,0,1,0,1,0,6,1241.8400000000001,19556.489999999998,4,1
TXN0348,CUST046,ACC003,2025-03-27,4723.62,55,0.18,1,4723.62,1,0,0,0,0,0,1,1,0,0,1,0,0,0,0,1,0,6,2402.4333333333334,19556.489999999998,3,3
TXN0462,CUST046,ACC002,2025-04-12,-3904.82,55,0.05,1,3904.82,1,0,0,0,0,0,1,1,0,0,0,0,1,0,0,0,1,6,3436.8933333333334,19556.489999999998,5,4
TXN0253,CUST046,ACC002,2025-04-25,-3629.04,55,0.05,1,3629.04,1,0,0,0,0,0,1,1,0,0,0,0,0,1,0,0,1,6,4085.8266666666673,19556.489999999998,4,4
TXN0080,CUST046,ACC001,2025-05-07,4815.33,55,0.01,1,4815.33,1,0,0,0,0,0,1,1,0,0,0,0,1,0,1,0,0,6,4116.3966666666665,19556.489999999998,2,5
TXN0419,CUST047,ACC001,2025-01-17,4635.9,18,0.01,1,4635.9,1,0,0,0,0,0,1,1,0,0,0,0,1,0,1,0,0,6,4635.9,16759.72,4,1
TXN0467,CUST047,ACC003,2025-02-06,486.72,18,0.18,1,486.72,1,0,0,0,0,0,1,1,0,0,0,1,0,0,0,1,0,6,2561.31,16759.72,3,2
TXN0083,CUST047,ACC001,2025-03-04,-4660.82,18,0.01,1,4660.82,1,0,0,0,0,0,1,1,0,0,0,0,0,1,1,0,0,6,3261.146666666666,16759.72,1,3
TXN0408,CUST047,ACC001,2025-03-24,3043.45,18,0.01,1,3043.45,1,0,0,0,0,0,1,1,0,0,0,1,0,0,1,0,0,6,2730.33,16759.72,0,3
TXN0196,CUST047,ACC003,2025-04-17,-845.74,18,0.18,1,845.74,1,0,0,0,0,0,1,1,0,0,0,0,0,1,0,1,0,6,2850.0033333333336,16759.72,3,4
TXN0149,CUST047,ACC002,2025-04-21,3087.09,18,0.05,1,3087.09,1,0,0,0,0,0,1,1,0,0,0,0,0,1,0,0,1,6,2325.4266666666667,16759.72,0,4
TXN0024,CUST048,ACC003,2025-04-27,3279.66,57,0.18,1,3279.66,0,1,0,0,1,0,0,0,1,0,0,1,0,0,0,1,0,6,3279.66,16382.609999999999,6,4
TXN0017,CUST048,ACC003,2025-04-30,4388.53,57,0.18,1,4388.53,0,1,0,0,1,0,0,0,1,0,0,1,0,0,0,1,0,6,3834.095,16382.609999999999,2,4
TXN0094,CUST048,ACC003,2025-05-13,238.25,57,0.18,1,238.25,0,1,0,0,1,0,0,0,1,0,0,1,0,0,0,1,0,6,2635.48,16382.609999999999,1,5
TXN0204,CUST048,ACC002,2025-05-22,3548.21,57,0.05,1,3548.21,0,1,0,0,1,0,0,0,1,0,0,1,0,0,0,0,1,6,2724.9966666666664,16382.609999999999,3,5
TXN0045,CUST048,ACC003,2025-06-07,-4394.36,57,0.18,1,4394.36,0,1,0,0,1,0,0,0,1,0,0,0,1,0,0,1,0,6,2726.94,16382.609999999999,5,6
TXN0175,CUST048,ACC002,2025-06-21,533.6,57,0.05,1,533.6,0,1,0,0,1,0,0,0,1,0,1,0,0,0,0,0,1,6,2825.39,16382.609999999999,5,6
TXN0420,CUST049,ACC003,2025-01-15,-310.73,24,0.18,1,310.73,1,0,0,0,0,0,1,0,1,0,0,0,1,0,0,1,0,7,310.73,15378.970000000001,2,1
TXN0133,CUST049,ACC003,2025-02-07,165.36,24,0.18,1,165.36,1,0,0,0,0,0,1,0,1,0,0,0,1,0,0,1,0,7,238.04500000000002,15378.970000000001,4,2
TXN0487,CUST049,ACC001,2025-02-09,2027.55,24,0.01,1,2027.55,1,0,0,0,0,0,1,0,1,0,0,1,0,0,1,0,0,7,834.5466666666666,15378.970000000001,6,2
TXN0050,CUST049,ACC003,2025-02-27,3544.73,24,0.18,1,3544.73,1,0,0,0,0,0,1,0,1,0,0,0,1,0,0,1,0,7,1912.5466666666669,15378.970000000001,3,2
TXN0478,CUST049,ACC001,2025-04-27,-3039.4,24,0.01,1,3039.4,1,0,0,0,0,0,1,0,1,0,0,0,1,0,1,0,0,7,2870.56,15378.970000000001,6,4
TXN0304,CUST049,ACC002,2025-05-24,-3322.38,24,0.05,1,3322.38,1,0,0,0,0,0,1,0,1,0,0,0,0,1,0,0,1,7,3302.17,15378.970000000001,5,5
TXN0279,CUST049,ACC001,2025-06-20,2968.82,24,0.01,1,2968.82,1,0,0,0,0,0,1,0,1,0,1,0,0,0,1,0,0,7,3110.2000000000007,15378.970000000001,4,6
TXN0100,CUST050,ACC003,2025-01-16,-3793.73,26,0.18,1,3793.73,1,0,0,1,0,0,0,1,0,0,1,0,0,0,0,1,0,4,3793.73,15557.19,3,1
TXN0446,CUST050,ACC001,2025-03-24,4031.9,26,0.01,1,4031.9,1,0,0,1,0,0,0,1,0,0,1,0,0,0,1,0,0,4,3912.815,15557.19,0,3
TXN0234,CUST050,ACC003,2025-04-22,-4874.22,26,0.18,1,4874.22,1,0,0,1,0,0,0,1,0,0,0,0,1,0,0,1,0,4,4233.283333333334,15557.19,1,4
TXN0353,CUST050,ACC003,2025-05-18,-2857.34,26,0.18,1,2857.34,1,0,0,1,0,0,0,1,0,0,0,0,0,1,0,1,0,4,3921.1533333333336,15557.19,6,5
TXN0189,CUST051,ACC001,2025-03-11,402.11,50,0.01,1,402.11,0,1,0,0,0,0,1,0,0,1,0,1,0,0,1,0,0,4,402.11,5153.93,1,3
TXN0031,CUST051,ACC003,2025-04-05,2484.42,50,0.18,1,2484.42,0,1,0,0,0,0,1,0,0,1,0,0,0,1,0,1,0,4,1443.265,5153.93,5,4
TXN0124,CUST051,ACC002,2025-04-17,2104.44,50,0.05,1,2104.44,0,1,0,0,0,0,1,0,0,1,1,0,0,0,0,0,1,4,1663.6566666666668,5153.93,3,4
TXN0239,CUST051,ACC002,2025-05-26,162.96,50,0.05,1,162.96,0,1,0,0,0,0,1,0,0,1,0,0,0,1,0,0,1,4,1583.9400000000003,5153.93,0,5
TXN0153,CUST052,ACC001,2025-02-21,634.68,53,0.01,1,634.68,1,0,0,0,1,0,0,0,1,0,0,0,1,0,1,0,0,5,634.68,12019.06,4,2
TXN0315,CUST052,ACC003,2025-02-27,-4683.66,53,0.18,1,4683.66,1,0,0,0,1,0,0,0,1,0,1,0,0,0,0,1,0,5,2659.17,12019.06,3,2
TXN0322,CUST052,ACC002,2025-04-27,217.45,53,0.05,1,217.45,1,0,0,0,1,0,0,0,1,0,1,0,0,0,0,0,1,5,1845.2633333333333,12019.06,6,4
TXN0215,CUST052,ACC002,2025-06-23,-3221.45,53,0.05,1,3221.45,1,0,0,0,1,0,0,0,1,0,0,0,1,0,0,0,1,5,2707.52,12019.06,0,6
TXN0134,CUST052,ACC002,2025-06-30,3261.82,53,0.05,1,3261.82,1,0,0,0,1,0,0,0,1,0,0,1,0,0,0,0,1,5,2233.5733333333333,12019.06,0,6
TXN0142,CUST053,ACC003,2025-01-25,-3856.9,32,0.18,1,3856.9,0,1,0,1,0,0,0,1,0,0,0,0,0,1,0,1,0,4,3856.9,14682.1,5,1
TXN0063,CUST053,ACC003,2025-03-25,3720.11,32,0.18,1,3720.11,0,1,0,1,0,0,0,1,0,0,1,0,0,0,0,1,0,4,3788.505,14682.1,1,3
TXN0330,CUST053,ACC001,2025-04-19,2279.15,32,0.01,1,2279.15,0,1,0,1,0,0,0,1,0,0,1,0,0,0,1,0,0,4,3285.3866666666668,14682.1,5,4
TXN0325,CUST053,ACC003,2025-07-03,4825.94,32,0.18,1,4825.94,0,1,0,1,0,0,0,1,0,0,0,0,0,1,0,1,0,4,3608.4,14682.1,3,7
TXN0374,CUST054,ACC002,2025-01-23,1641.9,50,0.05,1,1641.9,1,0,1,0,0,0,0,1,0,0,0,0,0,1,0,0,1,6,1641.9,10720.01,3,1
TXN0006,CUST054,ACC001,2025-01-24,1987.25,50,0.01,1,1987.25,1,0,1,0,0,0,0,1,0,0,0,1,0,0,1,0,0,6,1814.575,10720.01,4,1
TXN0138,CUST054,ACC001,2025-03-09,4841.29,50,0.01,1,4841.29,1,0,1,0,0,0,0,1,0,0,1,0,0,0,1,0,0,6,2823.48,10720.01,6,3
TXN0077,CUST054,ACC001,2025-04-13,543.83,50,0.01,1,543.83,1,0,1,0,0,0,0,1,0,0,0,0,1,0,1,0,0,6,2457.4566666666665,10720.01,6,4
TXN0032,CUST054,ACC003,2025-06-03,414.42,50,0.18,1,414.42,1,0,1,0,0,0,0,1,0,0,0,0,1,0,0,1,0,6,1933.1799999999996,10720.01,1,6
TXN0425,CUST054,ACC001,2025-06-16,1291.32,50,0.01,1,1291.32,1,0,1,0,0,0,0,1,0,0,1,0,0,0,1,0,0,6,749.8566666666666,10720.01,0,6
TXN0163,CUST055,ACC003,2025-03-13,2281.55,46,0.18,1,2281.55,0,1,0,0,0,0,1,1,0,0,0,0,1,0,0,1,0,4,2281.55,9506.69,3,3
TXN0290,CUST055,ACC002,2025-03-28,1187.89,46,0.05,1,1187.89,0,1,0,0,0,0,1,1,0,0,0,0,0,1,0,0,1,4,1734.7200000000003,9506.69,4,3
TXN0151,CUST055,ACC002,2025-06-20,2412.8,46,0.05,1,2412.8,0,1,0,0,0,0,1,1,0,0,0,1,0,0,0,0,1,4,1960.746666666667,9506.69,4,6
TXN0494,CUST055,ACC003,2025-07-07,3624.45,46,0.18,1,3624.45,0,1,0,0,0,0,1,1,0,0,0,1,0,0,0,1,0,4,2408.38,9506.69,0,7
TXN0471,CUST056,ACC003,2025-03-01,848.39,19,0.18,1,848.39,1,0,0,0,1,0,0,0,0,1,1,0,0,0,0,1,0,2,848.39,2753.52,5,3
TXN0398,CUST056,ACC002,2025-04-06,1905.13,19,0.05,1,1905.13,1,0,0,0,1,0,0,0,0,1,0,0,0,1,0,0,1,2,1376.76,2753.52,6,4
TXN0328,CUST057,ACC001,2025-01-10,3199.21,76,0.01,1,3199.21,1,0,1,0,0,0,0,1,0,0,0,0,1,0,1,0,0,5,3199.21,14482.68,4,1
TXN0429,CUST057,ACC003,2025-02-27,2700.41,76,0.18,1,2700.41,1,0,1,0,0,0,0,1,0,0,1,0,0,0,0,1,0,5,2949.81,14482.68,3,2
TXN0417,CUST057,ACC003,2025-04-10,-4491.17,76,0.18,1,4491.17,1,0,1,0,0,0,0,1,0,0,1,0,0,0,0,1,0,5,3463.596666666667,14482.68,3,4
TXN0191,CUST057,ACC002,2025-05-10,-672.25,76,0.05,1,672.25,1,0,1,0,0,0,0,1,0,0,1,0,0,0,0,0,1,5,2621.2766666666666,14482.68,5,5
TXN0106,CUST057,ACC003,2025-05-11,3419.64,76,0.18,1,3419.64,1,0,1,0,0,0,0,1,0,0,1,0,0,0,0,1,0,5,2861.02,14482.68,6,5
TXN0345,CUST058,ACC003,2025-01-17,893.98,20,0.18,1,893.98,0,1,1,0,0,0,0,1,0,0,0,1,0,0,0,1,0,13,893.98,32283.43,4,1
TXN0444,CUST058,ACC003,2025-02-02,-4815.01,20,0.18,1,4815.01,0,1,1,0,0,0,0,1,0,0,0,0,1,0,0,1,0,13,2854.495,32283.43,6,2
TXN0126,CUST058,ACC003,2025-02-06,1994.0,20,0.18,1,1994.0,0,1,1,0,0,0,0,1,0,0,0,0,1,0,0,1,0,13,2567.6633333333334,32283.43,3,2
TXN0332,CUST058,ACC003,2025-02-23,2449.34,20,0.18,1,2449.34,0,1,1,0,0,0,0,1,0,0,0,1,0,0,0,1,0,13,3086.116666666667,32283.43,6,2
TXN0219,CUST058,ACC003,2025-02-25,311.16,20,0.18,1,311.16,0,1,1,0,0,0,0,1,0,0,0,0,0,1,0,1,0,13,1584.8333333333333,32283.43,1,2
TXN0385,CUST058,ACC001,2025-03-14,1838.64,20,0.01,1,1838.64,0,1,1,0,0,0,0,1,0,0,0,1,0,0,1,0,0,13,1533.0466666666669,32283.43,4,3
TXN0267,CUST058,ACC003,2025-03-23,4546.07,20,0.18,1,4546.07,0,1,1,0,0,0,0,1,0,0,1,0,0,0,0,1,0,13,2231.9566666666665,32283.43,6,3
TXN0078,CUST058,ACC002,2025-04-04,3807.53,20,0.05,1,3807.53,0,1,1,0,0,0,0,1,0,0,0,0,1,0,0,0,1,13,3397.4133333333334,32283.43,4,4
TXN0130,CUST058,ACC003,2025-05-07,4471.56,20,0.18,1,4471.56,0,1,1,0,0,0,0,1,0,0,1,0,0,0,0,1,0,13,4275.053333333333,32283.43,2,5
TXN0162,CUST058,ACC002,2025-05-11,1558.71,20,0.05,1,1558.71,0,1,1,0,0,0,0,1,0,0,0,1,0,0,0,0,1,13,3279.2666666666664,32283.43,6,5
TXN0402,CUST058,ACC003,2025-05-23,-137.95,20,0.18,1,137.95,0,1,1,0,0,0,0,1,0,0,0,1,0,0,0,1,0,13,2056.0733333333337,32283.43,4,5
TXN0131,CUST058,ACC001,2025-05-27,1157.47,20,0.01,1,1157.47,0,1,1,0,0,0,0,1,0,0,0,0,1,0,1,0,0,13,951.3766666666667,32283.43,1,5
TXN0171,CUST058,ACC003,2025-06-01,-4302.01,20,0.18,1,4302.01,0,1,1,0,0,0,0,1,0,0,0,0,0,1,0,1,0,13,1865.8100000000002,32283.43,6,6
TXN0026,CUST059,ACC002,2025-03-25,444.06,34,0.05,1,444.06,0,1,0,0,0,1,0,1,0,0,1,0,0,0,0,0,1,3,444.06,1327.88,1,3
TXN0302,CUST059,ACC003,2025-05-03,-192.99,34,0.18,1,192.99,0,1,0,0,0,1,0,1,0,0,0,0,1,0,0,1,0,3,318.525,1327.88,5,5
TXN0485,CUST059,ACC002,2025-05-17,690.83,34,0.05,1,690.83,0,1,0,0,0,1,0,1,0,0,1,0,0,0,0,0,1,3,442.6266666666667,1327.88,5,5
TXN0066,CUST060,ACC002,2025-01-08,4162.35,35,0.05,1,4162.35,0,1,0,1,0,0,0,1,0,0,1,0,0,0,0,0,1,5,4162.35,14194.810000000001,2,1
TXN0139,CUST060,ACC002,2025-03-12,935.77,35,0.05,1,935.77,0,1,0,1,0,0,0,1,0,0,0,1,0,0,0,0,1,5,2549.0600000000004,14194.810000000001,2,3
TXN0445,CUST060,ACC003,2025-03-18,-2422.89,35,0.18,1,2422.89,0,1,0,1,0,0,0,1,0,0,1,0,0,0,0,1,0,5,2507.0033333333336,14194.810000000001,1,3
TXN0104,CUST060,ACC001,2025-05-13,2448.33,35,0.01,1,2448.33,0,1,0,1,0,0,0,1,0,0,0,0,0,1,1,0,0,5,1935.6633333333332,14194.810000000001,1,5
TXN0143,CUST060,ACC001,2025-06-13,4225.47,35,0.01,1,4225.47,0,1,0,1,0,0,0,1,0,0,0,1,0,0,1,0,0,5,3032.2299999999996,14194.810000000001,4,6
TXN0407,CUST061,ACC002,2025-01-12,-2672.68,73,0.05,1,2672.68,0,1,0,0,0,0,1,0,1,0,0,0,0,1,0,0,1,8,2672.68,15968.74,6,1
TXN0373,CUST061,ACC003,2025-02-10,2026.66,73,0.18,1,2026.66,0,1,0,0,0,0,1,0,1,0,0,0,0,1,0,1,0,8,2349.67,15968.74,0,2
TXN0307,CUST061,ACC001,2025-02-17,4030.29,73,0.01,1,4030.29,0,1,0,0,0,0,1,0,1,0,1,0,0,0,1,0,0,8,2909.876666666667,15968.74,0,2
TXN0389,CUST061,ACC003,2025-03-21,-2248.98,73,0.18,1,2248.98,0,1,0,0,0,0,1,0,1,0,0,1,0,0,0,1,0,8,2768.6433333333334,15968.74,4,3
TXN0238,CUST061,ACC001,2025-05-02,-370.27,73,0.01,1,370.27,0,1,0,0,0,0,1,0,1,0,0,0,0,1,1,0,0,8,2216.5133333333333,15968.74,4,5
TXN0179,CUST061,ACC003,2025-05-10,-2499.45,73,0.18,1,2499.45,0,1,0,0,0,0,1,0,1,0,0,1,0,0,0,1,0,8,1706.2333333333333,15968.74,5,5
TXN0009,CUST061,ACC002,2025-06-21,777.94,73,0.05,1,777.94,0,1,0,0,0,0,1,0,1,0,1,0,0,0,0,0,1,8,1215.8866666666665,15968.74,5,6
TXN0044,CUST061,ACC003,2025-06-21,1342.47,73,0.18,1,1342.47,0,1,0,0,0,0,1,0,1,0,0,1,0,0,0,1,0,8,1539.9533333333331,15968.74,5,6
TXN0166,CUST062,ACC002,2025-02-11,-1968.54,37,0.05,1,1968.54,0,1,0,0,1,0,0,0,1,0,1,0,0,0,0,0,1,6,1968.54,18539.47,1,2
TXN0297,CUST062,ACC001,2025-02-14,1251.08,37,0.01,1,1251.08,0,1,0,0,1,0,0,0,1,0,0,0,0,1,1,0,0,6,1609.81,18539.47,4,2
TXN0286,CUST062,ACC003,2025-03-30,3869.63,37,0.18,1,3869.63,0,1,0,0,1,0,0,0,1,0,0,0,1,0,0,1,0,6,2363.0833333333335,18539.47,6,3
TXN0128,CUST062,ACC002,2025-05-16,-4920.05,37,0.05,1,4920.05,0,1,0,0,1,0,0,0,1,0,1,0,0,0,0,0,1,6,3346.92,18539.47,4,5
TXN0198,CUST062,ACC003,2025-05-17,3185.79,37,0.18,1,3185.79,0,1,0,0,1,0,0,0,1,0,0,1,0,0,0,1,0,6,3991.8233333333337,18539.47,5,5
TXN0395,CUST062,ACC003,2025-06-03,3344.38,37,0.18,1,3344.38,0,1,0,0,1,0,0,0,1,0,0,1,0,0,0,1,0,6,3816.7400000000002,18539.47,1,6
TXN0127,CUST063,ACC001,2025-01-09,-1378.33,43,0.01,1,1378.33,0,1,0,0,0,1,0,1,0,0,0,1,0,0,1,0,0,8,1378.33,20516.78,3,1
TXN0396,CUST063,ACC001,2025-01-09,-3101.26,43,0.01,1,3101.26,0,1,0,0,0,1,0,1,0,0,0,1,0,0,1,0,0,8,2239.795,20516.78,3,1
TXN0122,CUST063,ACC001,2025-03-02,2167.35,43,0.01,1,2167.35,0,1,0,0,0,1,0,1,0,0,0,0,1,0,1,0,0,8,2215.646666666667,20516.78,6,3
TXN0159,CUST063,ACC003,2025-03-28,2914.04,43,0.18,1,2914.04,0,1,0,0,0,1,0,1,0,0,0,1,0,0,0,1,0,8,2727.5499999999997,20516.78,4,3
TXN0482,CUST063,ACC003,2025-06-01,2976.44,43,0.18,1,2976.44,0,1,0,0,0,1,0,1,0,0,0,1,0,0,0,1,0,8,2685.943333333333,20516.78,6,6
TXN0068,CUST063,ACC003,2025-06-15,41.87,43,0.18,1,41.87,0,1,0,0,0,1,0,1,0,0,1,0,0,0,0,1,0,8,1977.4499999999998,20516.78,6,6
TXN0181,CUST063,ACC002,2025-07-01,-3515.3,43,0.05,1,3515.3,0,1,0,0,0,1,0,1,0,0,1,0,0,0,0,0,1,8,2177.8700000000003,20516.78,1,7
TXN0453,CUST063,ACC001,2025-07-02,-4422.19,43,0.01,1,4422.19,0,1,0,0,0,1,0,1,0,0,0,0,1,0,1,0,0,8,2659.7866666666664,20516.78,2,7
TXN0451,CUST064,ACC002,2025-04-12,3012.04,44,0.05,1,3012.04,0,1,0,1,0,0,0,0,0,1,1,0,0,0,0,0,1,5,3012.04,14768.95,5,4
TXN0041,CUST064,ACC001,2025-05-04,-1745.57,44,0.01,1,1745.57,0,1,0,1,0,0,0,0,0,1,0,1,0,0,1,0,0,5,2378.805,14768.95,6,5
TXN0180,CUST064,ACC002,2025-05-17,3094.6,44,0.05,1,3094.6,0,1,0,1,0,0,0,0,0,1,0,1,0,0,0,0,1,5,2617.403333333333,14768.95,5,5
TXN0049,CUST064,ACC002,2025-06-12,-4337.8,44,0.05,1,4337.8,0,1,0,1,0,0,0,0,0,1,0,0,1,0,0,0,1,5,3059.3233333333337,14768.95,3,6
TXN0277,CUST064,ACC001,2025-07-05,2578.94,44,0.01,1,2578.94,0,1,0,1,0,0,0,0,0,1,0,0,0,1,1,0,0,5,3337.1133333333332,14768.95,5,7
TXN0243,CUST065,ACC001,2025-05-28,3638.57,33,0.01,1,3638.57,0,1,0,0,0,1,0,0,1,0,1,0,0,0,1,0,0,4,3638.57,6804.73,2,5
TXN0475,CUST065,ACC003,2025-05-30,-487.62,33,0.18,1,487.62,0,1,0,0,0,1,0,0,1,0,0,0,1,0,0,1,0,4,2063.0950000000003,6804.73,4,5
TXN0362,CUST065,ACC001,2025-05-31,-541.9,33,0.01,1,541.9,0,1,0,0,0,1,0,0,1,0,0,0,1,0,1,0,0,4,1556.03,6804.73,5,5
TXN0110,CUST065,ACC002,2025-07-04,2136.64,33,0.05,1,2136.64,0,1,0,0,0,1,0,0,1,0,1,0,0,0,0,0,1,4,1055.3866666666665,6804.73,4,7
TXN0469,CUST066,ACC003,2025-03-03,2264.32,25,0.18,1,2264.32,1,0,0,1,0,0,0,1,0,0,0,0,0,1,0,1,0,5,2264.32,12613.61,0,3
TXN0005,CUST066,ACC001,2025-04-14,877.74,25,0.01,1,877.74,1,0,0,1,0,0,0,1,0,0,0,0,0,1,1,0,0,5,1571.0300000000002,12613.61,0,4
TXN0355,CUST066,ACC001,2025-04-26,-4655.43,25,0.01,1,4655.43,1,0,0,1,0,0,0,1,0,0,0,1,0,0,1,0,0,5,2599.1633333333334,12613.61,5,4
TXN0119,CUST066,ACC002,2025-05-17,1373.57,25,0.05,1,1373.57,1,0,0,1,0,0,0,1,0,0,0,0,0,1,0,0,1,5,2302.2466666666664,12613.61,5,5
TXN0086,CUST066,ACC002,2025-05-21,-3442.55,25,0.05,1,3442.55,1,0,0,1,0,0,0,1,0,0,0,0,1,0,0,0,1,5,3157.183333333333,12613.61,2,5
TXN0185,CUST067,ACC001,2025-01-28,-2593.38,23,0.01,1,2593.38,1,0,0,1,0,0,0,0,1,0,0,1,0,0,1,0,0,6,2593.38,16341.94,1,1
TXN0073,CUST067,ACC001,2025-02-16,-1306.42,23,0.01,1,1306.42,1,0,0,1,0,0,0,0,1,0,0,0,0,1,1,0,0,6,1949.9,16341.94,6,2
TXN0242,CUST067,ACC002,2025-02-21,4342.68,23,0.05,1,4342.68,1,0,0,1,0,0,0,0,1,0,0,1,0,0,0,0,1,6,2747.4933333333333,16341.94,4,2
TXN0381,CUST067,ACC001,2025-04-29,-609.84,23,0.01,1,609.84,1,0,0,1,0,0,0,0,1,0,1,0,0,0,1,0,0,6,2086.3133333333335,16341.94,1,4
TXN0079,CUST067,ACC001,2025-06-06,2710.92,23,0.01,1,2710.92,1,0,0,1,0,0,0,0,1,0,0,1,0,0,1,0,0,6,2554.48,16341.94,4,6
TXN0021,CUST067,ACC001,2025-07-06,4778.7,23,0.01,1,4778.7,1,0,0,1,0,0,0,0,1,0,0,0,0,1,1,0,0,6,2699.82,16341.94,6,7
TXN0013,CUST068,ACC002,2025-02-14,2689.5,45,0.05,1,2689.5,0,1,0,0,0,0,1,0,1,0,0,1,0,0,0,0,1,3,2689.5,9406.31,4,2
TXN0145,CUST068,ACC003,2025-04-23,3134.84,45,0.18,1,3134.84,0,1,0,0,0,0,1,0,1,0,0,0,1,0,0,1,0,3,2912.17,9406.31,2,4
TXN0266,CUST068,ACC001,2025-06-16,3581.97,45,0.01,1,3581.97,0,1,0,0,0,0,1,0,1,0,0,0,1,0,1,0,0,3,3135.4366666666665,9406.31,0,6
TXN0182,CUST069,ACC002,2025-01-19,2802.65,49,0.05,1,2802.65,1,0,0,1,0,0,0,0,0,1,1,0,0,0,0,0,1,9,2802.65,23327.37,6,1
TXN0212,CUST069,ACC001,2025-01-27,2742.49,49,0.01,1,2742.49,1,0,0,1,0,0,0,0,0,1,0,1,0,0,1,0,0,9,2772.5699999999997,23327.37,0,1
TXN0498,CUST069,ACC001,2025-01-29,-437.43,49,0.01,1,437.43,1,0,0,1,0,0,0,0,0,1,1,0,0,0,1,0,0,9,1994.1899999999998,23327.37,2,1
TXN0195,CUST069,ACC002,2025-04-07,1008.75,49,0.05,1,1008.75,1,0,0,1,0,0,0,0,0,1,0,1,0,0,0,0,1,9,1396.2233333333334,23327.37,0,4
TXN0318,CUST069,ACC002,2025-04-19,2266.47,49,0.05,1,2266.47,1,0,0,1,0,0,0,0,0,1,0,0,1,0,0,0,1,9,1237.55,23327.37,5,4
TXN0466,CUST069,ACC002,2025-04-27,3341.07,49,0.05,1,3341.07,1,0,0,1,0,0,0,0,0,1,0,0,0,1,0,0,1,9,2205.43,23327.37,6,4
TXN0199,CUST069,ACC002,2025-06-18,3535.31,49,0.05,1,3535.31,1,0,0,1,0,0,0,0,0,1,0,0,1,0,0,0,1,9,3047.616666666667,23327.37,2,6
TXN0043,CUST069,ACC003,2025-06-23,2833.0,49,0.18,1,2833.0,1,0,0,1,0,0,0,0,0,1,0,1,0,0,0,1,0,9,3236.4599999999996,23327.37,0,6
TXN0222,CUST069,ACC002,2025-06-24,4360.2,49,0.05,1,4360.2,1,0,0,1,0,0,0,0,0,1,0,0,0,1,0,0,1,9,3576.17,23327.37,1,6
TXN0370,CUST070,ACC002,2025-01-18,2839.41,45,0.05,1,2839.41,1,0,0,0,0,1,0,1,0,0,0,0,0,1,0,0,1,2,2839.41,7162.5599999999995,5,1
TXN0136,CUST070,ACC003,2025-03-01,4323.15,45,0.18,1,4323.15,1,0,0,0,0,1,0,1,0,0,0,0,1,0,0,1,0,2,3581.2799999999997,7162.5599999999995,5,3
TXN0365,CUST071,ACC003,2025-02-15,250.58,36,0.18,1,250.58,1,0,0,1,0,0,0,1,0,0,0,0,1,0,0,1,0,2,250.58,819.0600000000001,5,2
TXN0311,CUST071,ACC003,2025-06-25,-568.48,36,0.18,1,568.48,1,0,0,1,0,0,0,1,0,0,0,1,0,0,0,1,0,2,409.53000000000003,819.0600000000001,2,6
TXN0388,CUST072,ACC002,2025-02-12,1948.9,59,0.05,1,1948.9,1,0,0,0,0,0,1,0,0,1,1,0,0,0,0,0,1,2,1948.9,2567.11,2,2
TXN0435,CUST072,ACC002,2025-06-21,618.21,59,0.05,1,618.21,1,0,0,0,0,0,1,0,0,1,0,1,0,0,0,0,1,2,1283.555,2567.11,5,6
TXN0455,CUST073,ACC001,2025-04-08,1068.1,40,0.01,1,1068.1,0,1,0,0,0,0,1,0,0,1,0,0,1,0,1,0,0,2,1068.1,5423.139999999999,1,4
TXN0275,CUST073,ACC002,2025-05-25,4355.04,40,0.05,1,4355.04,0,1,0,0,0,0,1,0,0,1,0,0,0,1,0,0,1,2,2711.5699999999997,5423.139999999999,6,5
TXN0262,CUST074,ACC001,2025-02-20,3118.6,46,0.01,1,3118.6,1,0,0,0,0,1,0,1,0,0,0,1,0,0,1,0,0,5,3118.6,16594.239999999998,3,2
TXN0377,CUST074,ACC002,2025-02-22,3813.8,46,0.05,1,3813.8,1,0,0,0,0,1,0,1,0,0,0,0,0,1,0,0,1,5,3466.2,16594.239999999998,5,2
TXN0246,CUST074,ACC003,2025-02-28,1736.22,46,0.18,1,1736.22,1,0,0,0,0,1,0,1,0,0,0,1,0,0,0,1,0,5,2889.5400000000004,16594.239999999998,4,2
TXN0344,CUST074,ACC003,2025-04-30,-4342.03,46,0.18,1,4342.03,1,0,0,0,0,1,0,1,0,0,0,0,1,0,0,1,0,5,3297.35,16594.239999999998,2,4
TXN0432,CUST074,ACC002,2025-05-22,3583.59,46,0.05,1,3583.59,1,0,0,0,0,1,0,1,0,0,1,0,0,0,0,0,1,5,3220.6133333333332,16594.239999999998,3,5
TXN0268,CUST075,ACC003,2025-02-27,906.62,71,0.18,1,906.62,0,1,1,0,0,0,0,1,0,0,1,0,0,0,0,1,0,4,906.62,12097.970000000001,3,2
TXN0430,CUST075,ACC003,2025-05-07,1563.43,71,0.18,1,1563.43,0,1,1,0,0,0,0,1,0,0,1,0,0,0,0,1,0,4,1235.025,12097.970000000001,2,5
TXN0340,CUST075,ACC002,2025-05-14,4849.86,71,0.05,1,4849.86,0,1,1,0,0,0,0,1,0,0,0,0,0,1,0,0,1,4,2439.97,12097.970000000001,2,5
TXN0412,CUST075,ACC001,2025-06-10,-4778.06,71,0.01,1,4778.06,0,1,1,0,0,0,0,1,0,0,1,0,0,0,1,0,0,4,3730.4500000000003,12097.970000000001,1,6
TXN0342,CUST076,ACC001,2025-02-14,-3366.28,54,0.01,1,3366.28,1,0,1,0,0,0,0,0,0,1,0,0,0,1,1,0,0,7,3366.28,15469.2,4,2
TXN0436,CUST076,ACC002,2025-03-05,913.94,54,0.05,1,913.94,1,0,1,0,0,0,0,0,0,1,0,0,1,0,0,0,1,7,2140.11,15469.2,2,3
TXN0200,CUST076,ACC001,2025-03-14,-167.61,54,0.01,1,167.61,1,0,1,0,0,0,0,0,0,1,1,0,0,0,1,0,0,7,1482.61,15469.2,4,3
TXN0114,CUST076,ACC001,2025-03-21,3471.47,54,0.01,1,3471.47,1,0,1,0,0,0,0,0,0,1,0,0,0,1,1,0,0,7,1517.6733333333334,15469.2,4,3
TXN0025,CUST076,ACC003,2025-06-04,2758.78,54,0.18,1,2758.78,1,0,1,0,0,0,0,0,0,1,0,0,1,0,0,1,0,7,2132.6200000000003,15469.2,2,6
TXN0309,CUST076,ACC002,2025-06-05,4342.67,54,0.05,1,4342.67,1,0,1,0,0,0,0,0,0,1,0,0,0,1,0,0,1,7,3524.3066666666673,15469.2,3,6
TXN0186,CUST076,ACC001,2025-06-08,448.45,54,0.01,1,448.45,1,0,1,0,0,0,0,0,0,1,0,0,1,0,1,0,0,7,2516.6333333333337,15469.2,6,6
TXN0488,CUST077,ACC003,2025-02-01,-2146.72,44,0.18,1,2146.72,1,0,0,1,0,0,0,0,1,0,0,0,0,1,0,1,0,3,2146.72,6722.879999999999,5,2
TXN0458,CUST077,ACC001,2025-03-11,4200.91,44,0.01,1,4200.91,1,0,0,1,0,0,0,0,1,0,1,0,0,0,1,0,0,3,3173.8149999999996,6722.879999999999,1,3
TXN0393,CUST077,ACC002,2025-06-23,375.25,44,0.05,1,375.25,1,0,0,1,0,0,0,0,1,0,0,0,0,1,0,0,1,3,2240.9599999999996,6722.879999999999,0,6
TXN0313,CUST078,ACC001,2025-02-03,294.86,72,0.01,1,294.86,1,0,0,0,1,0,0,0,1,0,0,1,0,0,1,0,0,2,294.86,3745.29,0,2
TXN0193,CUST078,ACC003,2025-05-11,3450.43,72,0.18,1,3450.43,1,0,0,0,1,0,0,0,1,0,1,0,0,0,0,1,0,2,1872.645,3745.29,6,5
TXN0226,CUST080,ACC003,2025-05-29,918.77,34,0.18,1,918.77,1,0,0,0,0,1,0,0,1,0,0,0,0,1,0,1,0,3,918.77,8468.71,3,5
TXN0008,CUST080,ACC002,2025-06-16,3483.14,34,0.05,1,3483.14,1,0,0,0,0,1,0,0,1,0,0,1,0,0,0,0,1,3,2200.955,8468.71,0,6
TXN0410,CUST080,ACC002,2025-06-30,4066.8,34,0.05,1,4066.8,1,0,0,0,0,1,0,0,1,0,1,0,0,0,0,0,1,3,2822.903333333333,8468.71,0,6
TXN0257,CUST081,ACC003,2025-01-30,2114.39,39,0.18,1,2114.39,0,1,0,0,0,1,0,0,0,1,1,0,0,0,0,1,0,2,2114.39,2520.69,3,1
TXN0497,CUST081,ACC003,2025-06-29,406.3,39,0.18,1,406.3,0,1,0,0,0,1,0,0,0,1,0,1,0,0,0,1,0,2,1260.345,2520.69,6,6
TXN0282,CUST082,ACC001,2025-02-18,4847.37,49,0.01,1,4847.37,1,0,0,0,0,1,0,0,1,0,0,0,0,1,1,0,0,3,4847.37,11946.41,1,2
TXN0004,CUST082,ACC003,2025-05-06,4974.59,49,0.18,1,4974.59,1,0,0,0,0,1,0,0,1,0,0,0,1,0,0,1,0,3,4910.98,11946.41,1,5
TXN0465,CUST082,ACC003,2025-05-22,-2124.45,49,0.18,1,2124.45,1,0,0,0,0,1,0,0,1,0,0,0,1,0,0,1,0,3,3982.1366666666668,11946.41,3,5
TXN0316,CUST083,ACC003,2025-05-01,-206.32,34,0.18,1,206.32,0,1,0,0,0,1,0,0,1,0,0,1,0,0,0,1,0,2,206.32,2181.7000000000003,3,5
TXN0360,CUST083,ACC002,2025-05-19,1975.38,34,0.05,1,1975.38,0,1,0,0,0,1,0,0,1,0,0,1,0,0,0,0,1,2,1090.8500000000001,2181.7000000000003,0,5
TXN0231,CUST084,ACC003,2025-01-13,3598.82,67,0.18,1,3598.82,1,0,0,0,0,1,0,1,0,0,1,0,0,0,0,1,0,3,3598.82,8749.400000000001,0,1
TXN0298,CUST084,ACC003,2025-04-16,3089.55,67,0.18,1,3089.55,1,0,0,0,0,1,0,1,0,0,1,0,0,0,0,1,0,3,3344.1850000000004,8749.400000000001,2,4
TXN0457,CUST084,ACC003,2025-06-19,2061.03,67,0.18,1,2061.03,1,0,0,0,0,1,0,1,0,0,0,1,0,0,0,1,0,3,2916.466666666667,8749.400000000001,3,6
TXN0069,CUST085,ACC002,2025-02-28,-1442.32,56,0.05,1,1442.32,0,1,0,0,0,0,1,1,0,0,0,0,0,1,0,0,1,5,1442.32,11309.54,4,2
TXN0205,CUST085,ACC003,2025-03-03,-4356.14,56,0.18,1,4356.14,0,1,0,0,0,0,1,1,0,0,1,0,0,0,0,1,0,5,2899.23,11309.54,0,3
TXN0323,CUST085,ACC001,2025-04-23,750.23,56,0.01,1,750.23,0,1,0,0,0,0,1,1,0,0,1,0,0,0,1,0,0,5,2182.896666666667,11309.54,2,4
TXN0480,CUST085,ACC001,2025-06-12,1167.42,56,0.01,1,1167.42,0,1,0,0,0,0,1,1,0,0,1,0,0,0,1,0,0,5,2091.263333333334,11309.54,3,6
TXN0411,CUST085,ACC001,2025-07-08,3593.43,56,0.01,1,3593.43,0,1,0,0,0,0,1,1,0,0,0,1,0,0,1,0,0,5,1837.0266666666666,11309.54,1,7
TXN0190,CUST086,ACC001,2025-03-18,1990.65,51,0.01,1,1990.65,0,1,1,0,0,0,0,0,1,0,0,1,0,0,1,0,0,8,1990.65,19427.62,1,3
TXN0363,CUST086,ACC001,2025-04-23,3292.65,51,0.01,1,3292.65,0,1,1,0,0,0,0,0,1,0,0,0,0,1,1,0,0,8,2641.65,19427.62,2,4
TXN0084,CUST086,ACC002,2025-04-27,521.52,51,0.05,1,521.52,0,1,1,0,0,0,0,0,1,0,0,0,1,0,0,0,1,8,1934.9399999999998,19427.62,6,4
TXN0132,CUST086,ACC002,2025-05-11,1073.39,51,0.05,1,1073.39,0,1,1,0,0,0,0,0,1,0,0,0,0,1,0,0,1,8,1629.1866666666667,19427.62,6,5
TXN0123,CUST086,ACC002,2025-06-04,4718.64,51,0.05,1,4718.64,0,1,1,0,0,0,0,0,1,0,1,0,0,0,0,0,1,8,2104.516666666667,19427.62,2,6
TXN0027,CUST086,ACC002,2025-06-20,2048.18,51,0.05,1,2048.18,0,1,1,0,0,0,0,0,1,0,0,1,0,0,0,0,1,8,2613.403333333333,19427.62,4,6
TXN0484,CUST086,ACC002,2025-06-28,4939.05,51,0.05,1,4939.05,0,1,1,0,0,0,0,0,1,0,0,0,0,1,0,0,1,8,3901.956666666667,19427.62,5,6
TXN0300,CUST086,ACC002,2025-07-01,843.54,51,0.05,1,843.54,0,1,1,0,0,0,0,0,1,0,0,0,1,0,0,0,1,8,2610.2566666666667,19427.62,1,7
TXN0338,CUST087,ACC003,2025-01-08,1017.25,73,0.18,1,1017.25,1,0,0,0,0,1,0,0,1,0,0,0,0,1,0,1,0,6,1017.25,16320.39,2,1
TXN0428,CUST087,ACC002,2025-01-14,4017.1,73,0.05,1,4017.1,1,0,0,0,0,1,0,0,1,0,0,0,1,0,0,0,1,6,2517.175,16320.39,1,1
TXN0121,CUST087,ACC002,2025-01-26,763.78,73,0.05,1,763.78,1,0,0,0,0,1,0,0,1,0,0,0,1,0,0,0,1,6,1932.71,16320.39,6,1
TXN0071,CUST087,ACC002,2025-02-28,-4906.12,73,0.05,1,4906.12,1,0,0,0,0,1,0,0,1,0,1,0,0,0,0,0,1,6,3229.0,16320.39,4,2
TXN0256,CUST087,ACC001,2025-04-20,-4504.5,73,0.01,1,4504.5,1,0,0,0,0,1,0,0,1,0,0,0,0,1,1,0,0,6,3391.4666666666667,16320.39,6,4
TXN0115,CUST087,ACC002,2025-07-07,-1111.64,73,0.05,1,1111.64,1,0,0,0,0,1,0,0,1,0,0,1,0,0,0,0,1,6,3507.42,16320.39,0,7
TXN0366,CUST089,ACC003,2025-01-12,4886.1,74,0.18,1,4886.1,1,0,0,0,1,0,0,1,0,0,1,0,0,0,0,1,0,6,4886.1,15646.330000000002,6,1
TXN0271,CUST089,ACC002,2025-03-18,913.07,74,0.05,1,913.07,1,0,0,0,1,0,0,1,0,0,0,0,0,1,0,0,1,6,2899.585,15646.330000000002,1,3
TXN0299,CUST089,ACC001,2025-05-18,-3536.82,74,0.01,1,3536.82,1,0,0,0,1,0,0,1,0,0,0,0,0,1,1,0,0,6,3111.9966666666674,15646.330000000002,6,5
TXN0176,CUST089,ACC003,2025-05-19,1217.8,74,0.18,1,1217.8,1,0,0,0,1,0,0,1,0,0,0,1,0,0,0,1,0,6,1889.2300000000002,15646.330000000002,0,5
TXN0483,CUST089,ACC002,2025-06-04,-2488.87,74,0.05,1,2488.87,1,0,0,0,1,0,0,1,0,0,1,0,0,0,0,0,1,6,2414.496666666667,15646.330000000002,2,6
TXN0293,CUST089,ACC001,2025-06-27,2603.67,74,0.01,1,2603.67,1,0,0,0,1,0,0,1,0,0,1,0,0,0,1,0,0,6,2103.4466666666667,15646.330000000002,4,6
TXN0442,CUST090,ACC002,2025-02-07,2840.89,68,0.05,1,2840.89,1,0,0,0,1,0,0,1,0,0,1,0,0,0,0,0,1,9,2840.89,18348.53,4,2
TXN0258,CUST090,ACC001,2025-02-16,-1391.37,68,0.01,1,1391.37,1,0,0,0,1,0,0,1,0,0,0,0,0,1,1,0,0,9,2116.13,18348.53,6,2
TXN0164,CUST090,ACC003,2025-03-16,67.99,68,0.18,1,67.99,1,0,0,0,1,0,0,1,0,0,0,1,0,0,0,1,0,9,1433.4166666666667,18348.53,6,3
TXN0165,CUST090,ACC001,2025-04-07,371.51,68,0.01,1,371.51,1,0,0,0,1,0,0,1,0,0,0,1,0,0,1,0,0,9,610.29,18348.53,0,4
TXN0202,CUST090,ACC002,2025-04-08,269.34,68,0.05,1,269.34,1,0,0,0,1,0,0,1,0,0,1,0,0,0,0,0,1,9,236.27999999999997,18348.53,1,4
TXN0089,CUST090,ACC003,2025-05-03,-3543.78,68,0.18,1,3543.78,1,0,0,0,1,0,0,1,0,0,1,0,0,0,0,1,0,9,1394.8766666666668,18348.53,5,5
TXN0203,CUST090,ACC002,2025-05-05,2711.07,68,0.05,1,2711.07,1,0,0,0,1,0,0,1,0,0,0,0,0,1,0,0,1,9,2174.73,18348.53,0,5
TXN0378,CUST090,ACC001,2025-06-03,-3991.09,68,0.01,1,3991.09,1,0,0,0,1,0,0,1,0,0,0,0,1,0,1,0,0,9,3415.3133333333335,18348.53,1,6
TXN0263,CUST090,ACC002,2025-06-20,3161.49,68,0.05,1,3161.49,1,0,0,0,1,0,0,1,0,0,1,0,0,0,0,0,1,9,3287.883333333333,18348.53,4,6
TXN0376,CUST091,ACC002,2025-01-23,4041.15,67,0.05,1,4041.15,1,0,0,0,1,0,0,0,0,1,0,0,0,1,0,0,1,2,4041.15,6822.41,3,1
TXN0230,CUST091,ACC001,2025-06-09,-2781.26,67,0.01,1,2781.26,1,0,0,0,1,0,0,0,0,1,0,0,1,0,1,0,0,2,3411.205,6822.41,0,6
TXN0459,CUST092,ACC002,2025-01-14,4501.12,63,0.05,1,4501.12,1,0,0,0,0,0,1,0,1,0,1,0,0,0,0,0,1,12,4501.12,35886.51,1,1
TXN0496,CUST092,ACC001,2025-01-19,1378.06,63,0.01,1,1378.06,1,0,0,0,0,0,1,0,1,0,0,0,1,0,1,0,0,12,2939.59,35886.51,6,1
TXN0394,CUST092,ACC003,2025-02-09,-3021.21,63,0.18,1,3021.21,1,0,0,0,0,0,1,0,1,0,0,0,0,1,0,1,0,12,2966.7966666666666,35886.51,6,2
TXN0440,CUST092,ACC001,2025-02-10,-3548.14,63,0.01,1,3548.14,1,0,0,0,0,0,1,0,1,0,0,1,0,0,1,0,0,12,2649.1366666666668,35886.51,0,2
TXN0384,CUST092,ACC001,2025-02-19,1629.68,63,0.01,1,1629.68,1,0,0,0,0,0,1,0,1,0,1,0,0,0,1,0,0,12,2733.01,35886.51,2,2
TXN0387,CUST092,ACC001,2025-03-23,3480.38,63,0.01,1,3480.38,1,0,0,0,0,0,1,0,1,0,0,0,1,0,1,0,0,12,2886.066666666667,35886.51,6,3
TXN0161,CUST092,ACC003,2025-03-31,-3989.82,63,0.18,1,3989.82,1,0,0,0,0,0,1,0,1,0,0,0,0,1,0,1,0,12,3033.2933333333335,35886.51,0,3
TXN0117,CUST092,ACC001,2025-04-13,3405.69,63,0.01,1,3405.69,1,0,0,0,0,0,1,0,1,0,0,1,0,0,1,0,0,12,3625.2966666666666,35886.51,6,4
TXN0053,CUST092,ACC002,2025-04-17,3403.9,63,0.05,1,3403.9,1,0,0,0,0,0,1,0,1,0,1,0,0,0,0,0,1,12,3599.8033333333333,35886.51,3,4
TXN0228,CUST092,ACC003,2025-04-27,-3296.95,63,0.18,1,3296.95,1,0,0,0,0,0,1,0,1,0,0,0,0,1,0,1,0,12,3368.846666666667,35886.51,6,4
TXN0194,CUST092,ACC002,2025-05-17,4004.93,63,0.05,1,4004.93,1,0,0,0,0,0,1,0,1,0,0,0,0,1,0,0,1,12,3568.593333333333,35886.51,5,5
TXN0448,CUST092,ACC001,2025-05-21,226.63,63,0.01,1,226.63,1,0,0,0,0,0,1,0,1,0,0,0,0,1,1,0,0,12,2509.5033333333336,35886.51,2,5
TXN0184,CUST093,ACC001,2025-01-23,1639.04,19,0.01,1,1639.04,1,0,0,0,1,0,0,1,0,0,0,1,0,0,1,0,0,7,1639.04,23279.08,3,1
TXN0055,CUST093,ACC002,2025-03-18,-3766.06,19,0.05,1,3766.06,1,0,0,0,1,0,0,1,0,0,1,0,0,0,0,0,1,7,2702.55,23279.08,1,3
TXN0002,CUST093,ACC003,2025-04-11,4420.09,19,0.18,1,4420.09,1,0,0,0,1,0,0,1,0,0,0,0,0,1,0,1,0,7,3275.0633333333335,23279.08,4,4
TXN0096,CUST093,ACC003,2025-04-28,4867.71,19,0.18,1,4867.71,1,0,0,0,1,0,0,1,0,0,0,1,0,0,0,1,0,7,4351.286666666667,23279.08,0,4
TXN0339,CUST093,ACC003,2025-05-27,3370.43,19,0.18,1,3370.43,1,0,0,0,1,0,0,1,0,0,1,0,0,0,0,1,0,7,4219.410000000001,23279.08,1,5
TXN0061,CUST093,ACC003,2025-05-29,653.06,19,0.18,1,653.06,1,0,0,0,1,0,0,1,0,0,0,0,0,1,0,1,0,7,2963.7333333333336,23279.08,3,5
TXN0260,CUST093,ACC002,2025-06-11,-4562.69,19,0.05,1,4562.69,1,0,0,0,1,0,0,1,0,0,1,0,0,0,0,0,1,7,2862.06,23279.08,2,6
TXN0197,CUST094,ACC001,2025-02-06,531.79,30,0.01,1,531.79,1,0,0,0,0,1,0,0,1,0,0,0,1,0,1,0,0,3,531.79,9212.8,3,2
TXN0209,CUST094,ACC001,2025-02-19,4075.98,30,0.01,1,4075.98,1,0,0,0,0,1,0,0,1,0,0,0,1,0,1,0,0,3,2303.885,9212.8,2,2
TXN0148,CUST094,ACC002,2025-04-12,-4605.03,30,0.05,1,4605.03,1,0,0,0,0,1,0,0,1,0,0,1,0,0,0,0,1,3,3070.933333333333,9212.8,5,4
TXN0216,CUST095,ACC002,2025-01-08,2636.75,45,0.05,1,2636.75,1,0,0,1,0,0,0,0,0,1,0,1,0,0,0,0,1,7,2636.75,16841.18,2,1
TXN0314,CUST095,ACC001,2025-01-10,2660.54,45,0.01,1,2660.54,1,0,0,1,0,0,0,0,0,1,0,0,1,0,1,0,0,7,2648.645,16841.18,4,1
TXN0499,CUST095,ACC001,2025-01-26,4472.01,45,0.01,1,4472.01,1,0,0,1,0,0,0,0,0,1,1,0,0,0,1,0,0,7,3256.433333333333,16841.18,6,1
TXN0335,CUST095,ACC001,2025-02-17,-159.57,45,0.01,1,159.57,1,0,0,1,0,0,0,0,0,1,0,1,0,0,1,0,0,7,2430.7066666666665,16841.18,0,2
TXN0064,CUST095,ACC002,2025-05-21,-812.19,45,0.05,1,812.19,1,0,0,1,0,0,0,0,0,1,0,0,1,0,0,0,1,7,1814.5900000000001,16841.18,2,5
TXN0076,CUST095,ACC002,2025-06-09,3901.43,45,0.05,1,3901.43,1,0,0,1,0,0,0,0,0,1,0,0,0,1,0,0,1,7,1624.3966666666665,16841.18,0,6
TXN0252,CUST095,ACC002,2025-06-22,-2198.69,45,0.05,1,2198.69,1,0,0,1,0,0,0,0,0,1,0,0,1,0,0,0,1,7,2304.103333333333,16841.18,6,6
TXN0287,CUST096,ACC002,2025-01-31,663.06,68,0.05,1,663.06,1,0,0,0,1,0,0,0,0,1,0,0,0,1,0,0,1,7,663.06,10368.07,4,1
TXN0220,CUST096,ACC002,2025-03-07,1243.05,68,0.05,1,1243.05,1,0,0,0,1,0,0,0,0,1,1,0,0,0,0,0,1,7,953.055,10368.07,4,3
TXN0174,CUST096,ACC001,2025-03-14,-2407.73,68,0.01,1,2407.73,1,0,0,0,1,0,0,0,0,1,0,0,1,0,1,0,0,7,1437.9466666666667,10368.07,4,3
TXN0477,CUST096,ACC001,2025-03-17,3213.44,68,0.01,1,3213.44,1,0,0,0,1,0,0,0,0,1,0,0,0,1,1,0,0,7,2288.0733333333333,10368.07,0,3
TXN0283,CUST096,ACC001,2025-04-11,-1298.09,68,0.01,1,1298.09,1,0,0,0,1,0,0,0,0,1,0,1,0,0,1,0,0,7,2306.4199999999996,10368.07,4,4
TXN0147,CUST096,ACC002,2025-06-17,172.31,68,0.05,1,172.31,1,0,0,0,1,0,0,0,0,1,1,0,0,0,0,0,1,7,1561.28,10368.07,1,6
TXN0433,CUST096,ACC001,2025-06-25,-1370.39,68,0.01,1,1370.39,1,0,0,0,1,0,0,0,0,1,0,0,0,1,1,0,0,7,946.93,10368.07,2,6
TXN0067,CUST097,ACC001,2025-03-18,-2542.26,25,0.01,1,2542.26,1,0,0,0,0,0,1,1,0,0,0,0,0,1,1,0,0,4,2542.26,13246.1,1,3
TXN0042,CUST097,ACC003,2025-03-20,3393.3,25,0.18,1,3393.3,1,0,0,0,0,0,1,1,0,0,0,0,0,1,0,1,0,4,2967.78,13246.1,3,3
TXN0140,CUST097,ACC001,2025-04-30,-4344.43,25,0.01,1,4344.43,1,0,0,0,0,0,1,1,0,0,0,1,0,0,1,0,0,4,3426.663333333334,13246.1,2,4
TXN0039,CUST097,ACC003,2025-06-24,-2966.11,25,0.18,1,2966.11,1,0,0,0,0,0,1,1,0,0,0,0,1,0,0,1,0,4,3567.9466666666667,13246.1,1,6
TXN0118,CUST098,ACC001,2025-02-16,-3276.01,69,0.01,1,3276.01,1,0,0,0,0,0,1,0,0,1,0,0,0,1,1,0,0,3,3276.01,10998.79,6,2
TXN0490,CUST098,ACC001,2025-05-25,-3465.26,69,0.01,1,3465.26,1,0,0,0,0,0,1,0,0,1,1,0,0,0,1,0,0,3,3370.635,10998.79,6,5
TXN0036,CUST098,ACC001,2025-06-05,4257.52,69,0.01,1,4257.52,1,0,0,0,0,0,1,0,0,1,0,0,0,1,1,0,0,3,3666.263333333334,10998.79,3,6
TXN0058,CUST099,ACC002,2025-03-03,4360.5,58,0.05,1,4360.5,1,0,0,0,1,0,0,0,1,0,0,0,0,1,0,0,1,10,4360.5,28029.55,0,3
TXN0319,CUST099,ACC002,2025-03-22,4670.04,58,0.05,1,4670.04,1,0,0,0,1,0,0,0,1,0,0,0,0,1,0,0,1,10,4515.27,28029.55,5,3
TXN0294,CUST099,ACC002,2025-04-01,1691.65,58,0.05,1,1691.65,1,0,0,0,1,0,0,0,1,0,1,0,0,0,0,0,1,10,3574.0633333333335,28029.55,1,4
TXN0065,CUST099,ACC001,2025-04-12,-4091.66,58,0.01,1,4091.66,1,0,0,0,1,0,0,0,1,0,0,1,0,0,1,0,0,10,3484.4500000000003,28029.55,5,4
TXN0099,CUST099,ACC003,2025-05-10,659.13,58,0.18,1,659.13,1,0,0,0,1,0,0,0,1,0,0,0,0,1,0,1,0,10,2147.48,28029.55,5,5
TXN0414,CUST099,ACC003,2025-05-20,986.93,58,0.18,1,986.93,1,0,0,0,1,0,0,0,1,0,0,1,0,0,0,1,0,10,1912.573333333333,28029.55,1,5
TXN0491,CUST099,ACC001,2025-06-09,-4956.37,58,0.01,1,4956.37,1,0,0,0,1,0,0,0,1,0,0,1,0,0,1,0,0,10,2200.81,28029.55,0,6
TXN0280,CUST099,ACC003,2025-06-12,825.98,58,0.18,1,825.98,1,0,0,0,1,0,0,0,1,0,0,0,1,0,0,1,0,10,2256.4266666666663,28029.55,3,6
TXN0278,CUST099,ACC002,2025-06-16,1802.57,58,0.05,1,1802.57,1,0,0,0,1,0,0,0,1,0,0,1,0,0,0,0,1,10,2528.3066666666664,28029.55,0,6
TXN0150,CUST099,ACC003,2025-07-01,3984.72,58,0.18,1,3984.72,1,0,0,0,1,0,0,0,1,0,1,0,0,0,0,1,0,10,2204.423333333333,28029.55,1,7
TXN0207,CUST100,ACC001,2025-02-10,4010.62,25,0.01,1,4010.62,0,1,0,1,0,0,0,1,0,0,0,1,0,0,1,0,0,6,4010.62,21298.09,0,2
TXN0450,CUST100,ACC001,2025-02-26,4757.5,25,0.01,1,4757.5,0,1,0,1,0,0,0,1,0,0,0,0,0,1,1,0,0,6,4384.0599999999995,21298.09,2,2
TXN0324,CUST100,ACC002,2025-03-07,-4933.28,25,0.05,1,4933.28,0,1,0,1,0,0,0,1,0,0,0,1,0,0,0,0,1,6,4567.133333333333,21298.09,4,3
TXN0011,CUST100,ACC001,2025-03-24,1129.96,25,0.01,1,1129.96,0,1,0,1,0,0,0,1,0,0,1,0,0,0,1,0,0,6,3606.9133333333325,21298.09,0,3
TXN0213,CUST100,ACC002,2025-05-12,4088.32,25,0.05,1,4088.32,0,1,0,1,0,0,0,1,0,0,0,0,1,0,0,0,1,6,3383.853333333333,21298.09,0,5
TXN0305,CUST100,ACC001,2025-06-12,2378.41,25,0.01,1,2378.41,0,1,0,1,0,0,0,1,0,0,0,0,1,0,1,0,0,6,2532.23,21298.09,3,6
